hedef,ufuk,sera,esik_turu,mevsim,kural,esik,yon,risk,aksiyon,kisit,guven,guven_gerekce,aralik_genislik,kaynak
CO2air,3h,AICU,ZARF,ilkbahar,CO2air < 449.000,449.0,dusuk,Bu seranin normal calisma araliginin altina iniyor,"Once havalandirma konumuna bak: pencereler genis acikken dozlanan CO2 disari kacar, dozaj artirma. Dozaji yalnizca pencereler kapaliyken VE isik varken artir.","OLCULDU (Automatoes + TheAutomators, tam sezon 47.809'ar adim): CO2air dusuk olaylarinin %86.3-91.8'i havalandirma acikken gerceklesti; pencere aciklik toplami >%100 iken CO2air medyani dis ortam seviyesine iniyor (427 / 515 ppm). 'Pencere kapali VE isik var' kosulu Automatoes'ta 53, TheAutomators'ta 0 adimda gorüldü. Olayin isik rejimi seradan seraya degisiyor (Automatoes ort Iglob 659, TheAutomators 8) — tek seradan genellenmemeli. Iliski gozlemsel, nedensel iddia yok.",KALITATIF,"backtest_kaniti: sureli-pencere precision=0.766 (kalibrasyon testi KAPSAM_DISI derken, gercek geriye-donuk performans KALITATIF seviyesini destekliyor)",817.159,"veri (sera p5-p95, mevsim ici)"
CO2air,3h,AICU,ZARF,ilkbahar,CO2air > 1087.000,1087.0,yuksek,Bu seranin normal calisma araliginin ustune cikiyor,"Dozaj hizini gozden gecir: dusuk isikta biriken CO2 bitki tarafindan kullanilamaz, maliyeti kalir.","OLCULDU (Automatoes, 275 adim): CO2air yuksek anlarinda ortalama co2_dos genel ortalamanin %50 ustunde (0.00342 vs 0.00228), pencereler kapali (ort aciklik %0.4), isik dusuk (ort Iglob 54). TheAutomators'ta bu durum hic gorulmedi (0 adim). Ekonomik CO2 esigi kurali (co2_esik_egilimi) ile ayni yonde — celiskili degil.",KALITATIF,"backtest_kaniti: sureli-pencere precision=0.766 (kalibrasyon testi KAPSAM_DISI derken, gercek geriye-donuk performans KALITATIF seviyesini destekliyor)",817.159,"veri (sera p5-p95, mevsim ici)"
CO2air,3h,AICU,ZARF,kis,CO2air < 536.000,536.0,dusuk,Bu seranin normal calisma araliginin altina iniyor,"Once havalandirma konumuna bak: pencereler genis acikken dozlanan CO2 disari kacar, dozaj artirma. Dozaji yalnizca pencereler kapaliyken VE isik varken artir.","OLCULDU (Automatoes + TheAutomators, tam sezon 47.809'ar adim): CO2air dusuk olaylarinin %86.3-91.8'i havalandirma acikken gerceklesti; pencere aciklik toplami >%100 iken CO2air medyani dis ortam seviyesine iniyor (427 / 515 ppm). 'Pencere kapali VE isik var' kosulu Automatoes'ta 53, TheAutomators'ta 0 adimda gorüldü. Olayin isik rejimi seradan seraya degisiyor (Automatoes ort Iglob 659, TheAutomators 8) — tek seradan genellenmemeli. Iliski gozlemsel, nedensel iddia yok.",KALITATIF,"backtest_kaniti: sureli-pencere precision=0.766 (kalibrasyon testi KAPSAM_DISI derken, gercek geriye-donuk performans KALITATIF seviyesini destekliyor)",817.159,"veri (sera p5-p95, mevsim ici)"
CO2air,3h,AICU,ZARF,kis,CO2air > 1056.650,1056.65,yuksek,Bu seranin normal calisma araliginin ustune cikiyor,"Dozaj hizini gozden gecir: dusuk isikta biriken CO2 bitki tarafindan kullanilamaz, maliyeti kalir.","OLCULDU (Automatoes, 275 adim): CO2air yuksek anlarinda ortalama co2_dos genel ortalamanin %50 ustunde (0.00342 vs 0.00228), pencereler kapali (ort aciklik %0.4), isik dusuk (ort Iglob 54). TheAutomators'ta bu durum hic gorulmedi (0 adim). Ekonomik CO2 esigi kurali (co2_esik_egilimi) ile ayni yonde — celiskili degil.",KALITATIF,"backtest_kaniti: sureli-pencere precision=0.766 (kalibrasyon testi KAPSAM_DISI derken, gercek geriye-donuk performans KALITATIF seviyesini destekliyor)",817.159,"veri (sera p5-p95, mevsim ici)"
CO2air,3h,AICU,ZARF,tumu,CO2air < 492.000,492.0,dusuk,Bu seranin normal calisma araliginin altina iniyor,"Once havalandirma konumuna bak: pencereler genis acikken dozlanan CO2 disari kacar, dozaj artirma. Dozaji yalnizca pencereler kapaliyken VE isik varken artir.","OLCULDU (Automatoes + TheAutomators, tam sezon 47.809'ar adim): CO2air dusuk olaylarinin %86.3-91.8'i havalandirma acikken gerceklesti; pencere aciklik toplami >%100 iken CO2air medyani dis ortam seviyesine iniyor (427 / 515 ppm). 'Pencere kapali VE isik var' kosulu Automatoes'ta 53, TheAutomators'ta 0 adimda gorüldü. Olayin isik rejimi seradan seraya degisiyor (Automatoes ort Iglob 659, TheAutomators 8) — tek seradan genellenmemeli. Iliski gozlemsel, nedensel iddia yok.",KALITATIF,"backtest_kaniti: sureli-pencere precision=0.766 (kalibrasyon testi KAPSAM_DISI derken, gercek geriye-donuk performans KALITATIF seviyesini destekliyor)",817.159,veri (sera p5-p95)
CO2air,3h,AICU,ZARF,tumu,CO2air > 1075.000,1075.0,yuksek,Bu seranin normal calisma araliginin ustune cikiyor,"Dozaj hizini gozden gecir: dusuk isikta biriken CO2 bitki tarafindan kullanilamaz, maliyeti kalir.","OLCULDU (Automatoes, 275 adim): CO2air yuksek anlarinda ortalama co2_dos genel ortalamanin %50 ustunde (0.00342 vs 0.00228), pencereler kapali (ort aciklik %0.4), isik dusuk (ort Iglob 54). TheAutomators'ta bu durum hic gorulmedi (0 adim). Ekonomik CO2 esigi kurali (co2_esik_egilimi) ile ayni yonde — celiskili degil.",KALITATIF,"backtest_kaniti: sureli-pencere precision=0.766 (kalibrasyon testi KAPSAM_DISI derken, gercek geriye-donuk performans KALITATIF seviyesini destekliyor)",817.159,veri (sera p5-p95)
CO2air,3h,Automatoes,ZARF,ilkbahar,CO2air < 445.000,445.0,dusuk,Bu seranin normal calisma araliginin altina iniyor,"Once havalandirma konumuna bak: pencereler genis acikken dozlanan CO2 disari kacar, dozaj artirma. Dozaji yalnizca pencereler kapaliyken VE isik varken artir.","OLCULDU (Automatoes + TheAutomators, tam sezon 47.809'ar adim): CO2air dusuk olaylarinin %86.3-91.8'i havalandirma acikken gerceklesti; pencere aciklik toplami >%100 iken CO2air medyani dis ortam seviyesine iniyor (427 / 515 ppm). 'Pencere kapali VE isik var' kosulu Automatoes'ta 53, TheAutomators'ta 0 adimda gorüldü. Olayin isik rejimi seradan seraya degisiyor (Automatoes ort Iglob 659, TheAutomators 8) — tek seradan genellenmemeli. Iliski gozlemsel, nedensel iddia yok.",KALITATIF,"backtest_kaniti: sureli-pencere precision=0.766 (kalibrasyon testi KAPSAM_DISI derken, gercek geriye-donuk performans KALITATIF seviyesini destekliyor)",817.159,"veri (sera p5-p95, mevsim ici)"
CO2air,3h,Automatoes,ZARF,ilkbahar,CO2air > 958.000,958.0,yuksek,Bu seranin normal calisma araliginin ustune cikiyor,"Dozaj hizini gozden gecir: dusuk isikta biriken CO2 bitki tarafindan kullanilamaz, maliyeti kalir.","OLCULDU (Automatoes, 275 adim): CO2air yuksek anlarinda ortalama co2_dos genel ortalamanin %50 ustunde (0.00342 vs 0.00228), pencereler kapali (ort aciklik %0.4), isik dusuk (ort Iglob 54). TheAutomators'ta bu durum hic gorulmedi (0 adim). Ekonomik CO2 esigi kurali (co2_esik_egilimi) ile ayni yonde — celiskili degil.",KALITATIF,"backtest_kaniti: sureli-pencere precision=0.766 (kalibrasyon testi KAPSAM_DISI derken, gercek geriye-donuk performans KALITATIF seviyesini destekliyor)",817.159,"veri (sera p5-p95, mevsim ici)"
CO2air,3h,Automatoes,ZARF,kis,CO2air < 514.000,514.0,dusuk,Bu seranin normal calisma araliginin altina iniyor,"Once havalandirma konumuna bak: pencereler genis acikken dozlanan CO2 disari kacar, dozaj artirma. Dozaji yalnizca pencereler kapaliyken VE isik varken artir.","OLCULDU (Automatoes + TheAutomators, tam sezon 47.809'ar adim): CO2air dusuk olaylarinin %86.3-91.8'i havalandirma acikken gerceklesti; pencere aciklik toplami >%100 iken CO2air medyani dis ortam seviyesine iniyor (427 / 515 ppm). 'Pencere kapali VE isik var' kosulu Automatoes'ta 53, TheAutomators'ta 0 adimda gorüldü. Olayin isik rejimi seradan seraya degisiyor (Automatoes ort Iglob 659, TheAutomators 8) — tek seradan genellenmemeli. Iliski gozlemsel, nedensel iddia yok.",KALITATIF,"backtest_kaniti: sureli-pencere precision=0.766 (kalibrasyon testi KAPSAM_DISI derken, gercek geriye-donuk performans KALITATIF seviyesini destekliyor)",817.159,"veri (sera p5-p95, mevsim ici)"
CO2air,3h,Automatoes,ZARF,kis,CO2air > 1020.000,1020.0,yuksek,Bu seranin normal calisma araliginin ustune cikiyor,"Dozaj hizini gozden gecir: dusuk isikta biriken CO2 bitki tarafindan kullanilamaz, maliyeti kalir.","OLCULDU (Automatoes, 275 adim): CO2air yuksek anlarinda ortalama co2_dos genel ortalamanin %50 ustunde (0.00342 vs 0.00228), pencereler kapali (ort aciklik %0.4), isik dusuk (ort Iglob 54). TheAutomators'ta bu durum hic gorulmedi (0 adim). Ekonomik CO2 esigi kurali (co2_esik_egilimi) ile ayni yonde — celiskili degil.",KALITATIF,"backtest_kaniti: sureli-pencere precision=0.766 (kalibrasyon testi KAPSAM_DISI derken, gercek geriye-donuk performans KALITATIF seviyesini destekliyor)",817.159,"veri (sera p5-p95, mevsim ici)"
CO2air,3h,Automatoes,ZARF,tumu,CO2air < 490.000,490.0,dusuk,Bu seranin normal calisma araliginin altina iniyor,"Once havalandirma konumuna bak: pencereler genis acikken dozlanan CO2 disari kacar, dozaj artirma. Dozaji yalnizca pencereler kapaliyken VE isik varken artir.","OLCULDU (Automatoes + TheAutomators, tam sezon 47.809'ar adim): CO2air dusuk olaylarinin %86.3-91.8'i havalandirma acikken gerceklesti; pencere aciklik toplami >%100 iken CO2air medyani dis ortam seviyesine iniyor (427 / 515 ppm). 'Pencere kapali VE isik var' kosulu Automatoes'ta 53, TheAutomators'ta 0 adimda gorüldü. Olayin isik rejimi seradan seraya degisiyor (Automatoes ort Iglob 659, TheAutomators 8) — tek seradan genellenmemeli. Iliski gozlemsel, nedensel iddia yok.",KALITATIF,"backtest_kaniti: sureli-pencere precision=0.766 (kalibrasyon testi KAPSAM_DISI derken, gercek geriye-donuk performans KALITATIF seviyesini destekliyor)",817.159,veri (sera p5-p95)
CO2air,3h,Automatoes,ZARF,tumu,CO2air > 989.900,989.9,yuksek,Bu seranin normal calisma araliginin ustune cikiyor,"Dozaj hizini gozden gecir: dusuk isikta biriken CO2 bitki tarafindan kullanilamaz, maliyeti kalir.","OLCULDU (Automatoes, 275 adim): CO2air yuksek anlarinda ortalama co2_dos genel ortalamanin %50 ustunde (0.00342 vs 0.00228), pencereler kapali (ort aciklik %0.4), isik dusuk (ort Iglob 54). TheAutomators'ta bu durum hic gorulmedi (0 adim). Ekonomik CO2 esigi kurali (co2_esik_egilimi) ile ayni yonde — celiskili degil.",KALITATIF,"backtest_kaniti: sureli-pencere precision=0.766 (kalibrasyon testi KAPSAM_DISI derken, gercek geriye-donuk performans KALITATIF seviyesini destekliyor)",817.159,veri (sera p5-p95)
CO2air,3h,Digilog,ZARF,ilkbahar,CO2air < 366.000,366.0,dusuk,Bu seranin normal calisma araliginin altina iniyor,"Once havalandirma konumuna bak: pencereler genis acikken dozlanan CO2 disari kacar, dozaj artirma. Dozaji yalnizca pencereler kapaliyken VE isik varken artir.","OLCULDU (Automatoes + TheAutomators, tam sezon 47.809'ar adim): CO2air dusuk olaylarinin %86.3-91.8'i havalandirma acikken gerceklesti; pencere aciklik toplami >%100 iken CO2air medyani dis ortam seviyesine iniyor (427 / 515 ppm). 'Pencere kapali VE isik var' kosulu Automatoes'ta 53, TheAutomators'ta 0 adimda gorüldü. Olayin isik rejimi seradan seraya degisiyor (Automatoes ort Iglob 659, TheAutomators 8) — tek seradan genellenmemeli. Iliski gozlemsel, nedensel iddia yok.",KALITATIF,"backtest_kaniti: sureli-pencere precision=0.766 (kalibrasyon testi KAPSAM_DISI derken, gercek geriye-donuk performans KALITATIF seviyesini destekliyor)",817.159,"veri (sera p5-p95, mevsim ici)"
CO2air,3h,Digilog,ZARF,ilkbahar,CO2air > 762.000,762.0,yuksek,Bu seranin normal calisma araliginin ustune cikiyor,"Dozaj hizini gozden gecir: dusuk isikta biriken CO2 bitki tarafindan kullanilamaz, maliyeti kalir.","OLCULDU (Automatoes, 275 adim): CO2air yuksek anlarinda ortalama co2_dos genel ortalamanin %50 ustunde (0.00342 vs 0.00228), pencereler kapali (ort aciklik %0.4), isik dusuk (ort Iglob 54). TheAutomators'ta bu durum hic gorulmedi (0 adim). Ekonomik CO2 esigi kurali (co2_esik_egilimi) ile ayni yonde — celiskili degil.",KALITATIF,"backtest_kaniti: sureli-pencere precision=0.766 (kalibrasyon testi KAPSAM_DISI derken, gercek geriye-donuk performans KALITATIF seviyesini destekliyor)",817.159,"veri (sera p5-p95, mevsim ici)"
CO2air,3h,Digilog,ZARF,kis,CO2air < 467.000,467.0,dusuk,Bu seranin normal calisma araliginin altina iniyor,"Once havalandirma konumuna bak: pencereler genis acikken dozlanan CO2 disari kacar, dozaj artirma. Dozaji yalnizca pencereler kapaliyken VE isik varken artir.","OLCULDU (Automatoes + TheAutomators, tam sezon 47.809'ar adim): CO2air dusuk olaylarinin %86.3-91.8'i havalandirma acikken gerceklesti; pencere aciklik toplami >%100 iken CO2air medyani dis ortam seviyesine iniyor (427 / 515 ppm). 'Pencere kapali VE isik var' kosulu Automatoes'ta 53, TheAutomators'ta 0 adimda gorüldü. Olayin isik rejimi seradan seraya degisiyor (Automatoes ort Iglob 659, TheAutomators 8) — tek seradan genellenmemeli. Iliski gozlemsel, nedensel iddia yok.",KALITATIF,"backtest_kaniti: sureli-pencere precision=0.766 (kalibrasyon testi KAPSAM_DISI derken, gercek geriye-donuk performans KALITATIF seviyesini destekliyor)",817.159,"veri (sera p5-p95, mevsim ici)"
CO2air,3h,Digilog,ZARF,kis,CO2air > 822.000,822.0,yuksek,Bu seranin normal calisma araliginin ustune cikiyor,"Dozaj hizini gozden gecir: dusuk isikta biriken CO2 bitki tarafindan kullanilamaz, maliyeti kalir.","OLCULDU (Automatoes, 275 adim): CO2air yuksek anlarinda ortalama co2_dos genel ortalamanin %50 ustunde (0.00342 vs 0.00228), pencereler kapali (ort aciklik %0.4), isik dusuk (ort Iglob 54). TheAutomators'ta bu durum hic gorulmedi (0 adim). Ekonomik CO2 esigi kurali (co2_esik_egilimi) ile ayni yonde — celiskili degil.",KALITATIF,"backtest_kaniti: sureli-pencere precision=0.766 (kalibrasyon testi KAPSAM_DISI derken, gercek geriye-donuk performans KALITATIF seviyesini destekliyor)",817.159,"veri (sera p5-p95, mevsim ici)"
CO2air,3h,Digilog,ZARF,tumu,CO2air < 406.000,406.0,dusuk,Bu seranin normal calisma araliginin altina iniyor,"Once havalandirma konumuna bak: pencereler genis acikken dozlanan CO2 disari kacar, dozaj artirma. Dozaji yalnizca pencereler kapaliyken VE isik varken artir.","OLCULDU (Automatoes + TheAutomators, tam sezon 47.809'ar adim): CO2air dusuk olaylarinin %86.3-91.8'i havalandirma acikken gerceklesti; pencere aciklik toplami >%100 iken CO2air medyani dis ortam seviyesine iniyor (427 / 515 ppm). 'Pencere kapali VE isik var' kosulu Automatoes'ta 53, TheAutomators'ta 0 adimda gorüldü. Olayin isik rejimi seradan seraya degisiyor (Automatoes ort Iglob 659, TheAutomators 8) — tek seradan genellenmemeli. Iliski gozlemsel, nedensel iddia yok.",KALITATIF,"backtest_kaniti: sureli-pencere precision=0.766 (kalibrasyon testi KAPSAM_DISI derken, gercek geriye-donuk performans KALITATIF seviyesini destekliyor)",817.159,veri (sera p5-p95)
CO2air,3h,Digilog,ZARF,tumu,CO2air > 793.000,793.0,yuksek,Bu seranin normal calisma araliginin ustune cikiyor,"Dozaj hizini gozden gecir: dusuk isikta biriken CO2 bitki tarafindan kullanilamaz, maliyeti kalir.","OLCULDU (Automatoes, 275 adim): CO2air yuksek anlarinda ortalama co2_dos genel ortalamanin %50 ustunde (0.00342 vs 0.00228), pencereler kapali (ort aciklik %0.4), isik dusuk (ort Iglob 54). TheAutomators'ta bu durum hic gorulmedi (0 adim). Ekonomik CO2 esigi kurali (co2_esik_egilimi) ile ayni yonde — celiskili degil.",KALITATIF,"backtest_kaniti: sureli-pencere precision=0.766 (kalibrasyon testi KAPSAM_DISI derken, gercek geriye-donuk performans KALITATIF seviyesini destekliyor)",817.159,veri (sera p5-p95)
CO2air,3h,IUACAAS,ZARF,ilkbahar,CO2air < 404.000,404.0,dusuk,Bu seranin normal calisma araliginin altina iniyor,"Once havalandirma konumuna bak: pencereler genis acikken dozlanan CO2 disari kacar, dozaj artirma. Dozaji yalnizca pencereler kapaliyken VE isik varken artir.","OLCULDU (Automatoes + TheAutomators, tam sezon 47.809'ar adim): CO2air dusuk olaylarinin %86.3-91.8'i havalandirma acikken gerceklesti; pencere aciklik toplami >%100 iken CO2air medyani dis ortam seviyesine iniyor (427 / 515 ppm). 'Pencere kapali VE isik var' kosulu Automatoes'ta 53, TheAutomators'ta 0 adimda gorüldü. Olayin isik rejimi seradan seraya degisiyor (Automatoes ort Iglob 659, TheAutomators 8) — tek seradan genellenmemeli. Iliski gozlemsel, nedensel iddia yok.",KALITATIF,"backtest_kaniti: sureli-pencere precision=0.766 (kalibrasyon testi KAPSAM_DISI derken, gercek geriye-donuk performans KALITATIF seviyesini destekliyor)",817.159,"veri (sera p5-p95, mevsim ici)"
CO2air,3h,IUACAAS,ZARF,ilkbahar,CO2air > 838.000,838.0,yuksek,Bu seranin normal calisma araliginin ustune cikiyor,"Dozaj hizini gozden gecir: dusuk isikta biriken CO2 bitki tarafindan kullanilamaz, maliyeti kalir.","OLCULDU (Automatoes, 275 adim): CO2air yuksek anlarinda ortalama co2_dos genel ortalamanin %50 ustunde (0.00342 vs 0.00228), pencereler kapali (ort aciklik %0.4), isik dusuk (ort Iglob 54). TheAutomators'ta bu durum hic gorulmedi (0 adim). Ekonomik CO2 esigi kurali (co2_esik_egilimi) ile ayni yonde — celiskili degil.",KALITATIF,"backtest_kaniti: sureli-pencere precision=0.766 (kalibrasyon testi KAPSAM_DISI derken, gercek geriye-donuk performans KALITATIF seviyesini destekliyor)",817.159,"veri (sera p5-p95, mevsim ici)"
CO2air,3h,IUACAAS,ZARF,kis,CO2air < 490.000,490.0,dusuk,Bu seranin normal calisma araliginin altina iniyor,"Once havalandirma konumuna bak: pencereler genis acikken dozlanan CO2 disari kacar, dozaj artirma. Dozaji yalnizca pencereler kapaliyken VE isik varken artir.","OLCULDU (Automatoes + TheAutomators, tam sezon 47.809'ar adim): CO2air dusuk olaylarinin %86.3-91.8'i havalandirma acikken gerceklesti; pencere aciklik toplami >%100 iken CO2air medyani dis ortam seviyesine iniyor (427 / 515 ppm). 'Pencere kapali VE isik var' kosulu Automatoes'ta 53, TheAutomators'ta 0 adimda gorüldü. Olayin isik rejimi seradan seraya degisiyor (Automatoes ort Iglob 659, TheAutomators 8) — tek seradan genellenmemeli. Iliski gozlemsel, nedensel iddia yok.",KALITATIF,"backtest_kaniti: sureli-pencere precision=0.766 (kalibrasyon testi KAPSAM_DISI derken, gercek geriye-donuk performans KALITATIF seviyesini destekliyor)",817.159,"veri (sera p5-p95, mevsim ici)"
CO2air,3h,IUACAAS,ZARF,kis,CO2air > 893.000,893.0,yuksek,Bu seranin normal calisma araliginin ustune cikiyor,"Dozaj hizini gozden gecir: dusuk isikta biriken CO2 bitki tarafindan kullanilamaz, maliyeti kalir.","OLCULDU (Automatoes, 275 adim): CO2air yuksek anlarinda ortalama co2_dos genel ortalamanin %50 ustunde (0.00342 vs 0.00228), pencereler kapali (ort aciklik %0.4), isik dusuk (ort Iglob 54). TheAutomators'ta bu durum hic gorulmedi (0 adim). Ekonomik CO2 esigi kurali (co2_esik_egilimi) ile ayni yonde — celiskili degil.",KALITATIF,"backtest_kaniti: sureli-pencere precision=0.766 (kalibrasyon testi KAPSAM_DISI derken, gercek geriye-donuk performans KALITATIF seviyesini destekliyor)",817.159,"veri (sera p5-p95, mevsim ici)"
CO2air,3h,IUACAAS,ZARF,tumu,CO2air < 427.000,427.0,dusuk,Bu seranin normal calisma araliginin altina iniyor,"Once havalandirma konumuna bak: pencereler genis acikken dozlanan CO2 disari kacar, dozaj artirma. Dozaji yalnizca pencereler kapaliyken VE isik varken artir.","OLCULDU (Automatoes + TheAutomators, tam sezon 47.809'ar adim): CO2air dusuk olaylarinin %86.3-91.8'i havalandirma acikken gerceklesti; pencere aciklik toplami >%100 iken CO2air medyani dis ortam seviyesine iniyor (427 / 515 ppm). 'Pencere kapali VE isik var' kosulu Automatoes'ta 53, TheAutomators'ta 0 adimda gorüldü. Olayin isik rejimi seradan seraya degisiyor (Automatoes ort Iglob 659, TheAutomators 8) — tek seradan genellenmemeli. Iliski gozlemsel, nedensel iddia yok.",KALITATIF,"backtest_kaniti: sureli-pencere precision=0.766 (kalibrasyon testi KAPSAM_DISI derken, gercek geriye-donuk performans KALITATIF seviyesini destekliyor)",817.159,veri (sera p5-p95)
CO2air,3h,IUACAAS,ZARF,tumu,CO2air > 872.000,872.0,yuksek,Bu seranin normal calisma araliginin ustune cikiyor,"Dozaj hizini gozden gecir: dusuk isikta biriken CO2 bitki tarafindan kullanilamaz, maliyeti kalir.","OLCULDU (Automatoes, 275 adim): CO2air yuksek anlarinda ortalama co2_dos genel ortalamanin %50 ustunde (0.00342 vs 0.00228), pencereler kapali (ort aciklik %0.4), isik dusuk (ort Iglob 54). TheAutomators'ta bu durum hic gorulmedi (0 adim). Ekonomik CO2 esigi kurali (co2_esik_egilimi) ile ayni yonde — celiskili degil.",KALITATIF,"backtest_kaniti: sureli-pencere precision=0.766 (kalibrasyon testi KAPSAM_DISI derken, gercek geriye-donuk performans KALITATIF seviyesini destekliyor)",817.159,veri (sera p5-p95)
CO2air,3h,Reference,ZARF,ilkbahar,CO2air < 451.000,451.0,dusuk,Bu seranin normal calisma araliginin altina iniyor,"Once havalandirma konumuna bak: pencereler genis acikken dozlanan CO2 disari kacar, dozaj artirma. Dozaji yalnizca pencereler kapaliyken VE isik varken artir.","OLCULDU (Automatoes + TheAutomators, tam sezon 47.809'ar adim): CO2air dusuk olaylarinin %86.3-91.8'i havalandirma acikken gerceklesti; pencere aciklik toplami >%100 iken CO2air medyani dis ortam seviyesine iniyor (427 / 515 ppm). 'Pencere kapali VE isik var' kosulu Automatoes'ta 53, TheAutomators'ta 0 adimda gorüldü. Olayin isik rejimi seradan seraya degisiyor (Automatoes ort Iglob 659, TheAutomators 8) — tek seradan genellenmemeli. Iliski gozlemsel, nedensel iddia yok.",KALITATIF,"backtest_kaniti: sureli-pencere precision=0.766 (kalibrasyon testi KAPSAM_DISI derken, gercek geriye-donuk performans KALITATIF seviyesini destekliyor)",817.159,"veri (sera p5-p95, mevsim ici)"
CO2air,3h,Reference,ZARF,ilkbahar,CO2air > 945.000,945.0,yuksek,Bu seranin normal calisma araliginin ustune cikiyor,"Dozaj hizini gozden gecir: dusuk isikta biriken CO2 bitki tarafindan kullanilamaz, maliyeti kalir.","OLCULDU (Automatoes, 275 adim): CO2air yuksek anlarinda ortalama co2_dos genel ortalamanin %50 ustunde (0.00342 vs 0.00228), pencereler kapali (ort aciklik %0.4), isik dusuk (ort Iglob 54). TheAutomators'ta bu durum hic gorulmedi (0 adim). Ekonomik CO2 esigi kurali (co2_esik_egilimi) ile ayni yonde — celiskili degil.",KALITATIF,"backtest_kaniti: sureli-pencere precision=0.766 (kalibrasyon testi KAPSAM_DISI derken, gercek geriye-donuk performans KALITATIF seviyesini destekliyor)",817.159,"veri (sera p5-p95, mevsim ici)"
CO2air,3h,Reference,ZARF,kis,CO2air < 493.000,493.0,dusuk,Bu seranin normal calisma araliginin altina iniyor,"Once havalandirma konumuna bak: pencereler genis acikken dozlanan CO2 disari kacar, dozaj artirma. Dozaji yalnizca pencereler kapaliyken VE isik varken artir.","OLCULDU (Automatoes + TheAutomators, tam sezon 47.809'ar adim): CO2air dusuk olaylarinin %86.3-91.8'i havalandirma acikken gerceklesti; pencere aciklik toplami >%100 iken CO2air medyani dis ortam seviyesine iniyor (427 / 515 ppm). 'Pencere kapali VE isik var' kosulu Automatoes'ta 53, TheAutomators'ta 0 adimda gorüldü. Olayin isik rejimi seradan seraya degisiyor (Automatoes ort Iglob 659, TheAutomators 8) — tek seradan genellenmemeli. Iliski gozlemsel, nedensel iddia yok.",KALITATIF,"backtest_kaniti: sureli-pencere precision=0.766 (kalibrasyon testi KAPSAM_DISI derken, gercek geriye-donuk performans KALITATIF seviyesini destekliyor)",817.159,"veri (sera p5-p95, mevsim ici)"
CO2air,3h,Reference,ZARF,kis,CO2air > 681.000,681.0,yuksek,Bu seranin normal calisma araliginin ustune cikiyor,"Dozaj hizini gozden gecir: dusuk isikta biriken CO2 bitki tarafindan kullanilamaz, maliyeti kalir.","OLCULDU (Automatoes, 275 adim): CO2air yuksek anlarinda ortalama co2_dos genel ortalamanin %50 ustunde (0.00342 vs 0.00228), pencereler kapali (ort aciklik %0.4), isik dusuk (ort Iglob 54). TheAutomators'ta bu durum hic gorulmedi (0 adim). Ekonomik CO2 esigi kurali (co2_esik_egilimi) ile ayni yonde — celiskili degil.",KALITATIF,"backtest_kaniti: sureli-pencere precision=0.766 (kalibrasyon testi KAPSAM_DISI derken, gercek geriye-donuk performans KALITATIF seviyesini destekliyor)",817.159,"veri (sera p5-p95, mevsim ici)"
CO2air,3h,Reference,ZARF,tumu,CO2air < 468.000,468.0,dusuk,Bu seranin normal calisma araliginin altina iniyor,"Once havalandirma konumuna bak: pencereler genis acikken dozlanan CO2 disari kacar, dozaj artirma. Dozaji yalnizca pencereler kapaliyken VE isik varken artir.","OLCULDU (Automatoes + TheAutomators, tam sezon 47.809'ar adim): CO2air dusuk olaylarinin %86.3-91.8'i havalandirma acikken gerceklesti; pencere aciklik toplami >%100 iken CO2air medyani dis ortam seviyesine iniyor (427 / 515 ppm). 'Pencere kapali VE isik var' kosulu Automatoes'ta 53, TheAutomators'ta 0 adimda gorüldü. Olayin isik rejimi seradan seraya degisiyor (Automatoes ort Iglob 659, TheAutomators 8) — tek seradan genellenmemeli. Iliski gozlemsel, nedensel iddia yok.",KALITATIF,"backtest_kaniti: sureli-pencere precision=0.766 (kalibrasyon testi KAPSAM_DISI derken, gercek geriye-donuk performans KALITATIF seviyesini destekliyor)",817.159,veri (sera p5-p95)
CO2air,3h,Reference,ZARF,tumu,CO2air > 916.000,916.0,yuksek,Bu seranin normal calisma araliginin ustune cikiyor,"Dozaj hizini gozden gecir: dusuk isikta biriken CO2 bitki tarafindan kullanilamaz, maliyeti kalir.","OLCULDU (Automatoes, 275 adim): CO2air yuksek anlarinda ortalama co2_dos genel ortalamanin %50 ustunde (0.00342 vs 0.00228), pencereler kapali (ort aciklik %0.4), isik dusuk (ort Iglob 54). TheAutomators'ta bu durum hic gorulmedi (0 adim). Ekonomik CO2 esigi kurali (co2_esik_egilimi) ile ayni yonde — celiskili degil.",KALITATIF,"backtest_kaniti: sureli-pencere precision=0.766 (kalibrasyon testi KAPSAM_DISI derken, gercek geriye-donuk performans KALITATIF seviyesini destekliyor)",817.159,veri (sera p5-p95)
CO2air,3h,TheAutomators,ZARF,ilkbahar,CO2air < 471.000,471.0,dusuk,Bu seranin normal calisma araliginin altina iniyor,"Once havalandirma konumuna bak: pencereler genis acikken dozlanan CO2 disari kacar, dozaj artirma. Dozaji yalnizca pencereler kapaliyken VE isik varken artir.","OLCULDU (Automatoes + TheAutomators, tam sezon 47.809'ar adim): CO2air dusuk olaylarinin %86.3-91.8'i havalandirma acikken gerceklesti; pencere aciklik toplami >%100 iken CO2air medyani dis ortam seviyesine iniyor (427 / 515 ppm). 'Pencere kapali VE isik var' kosulu Automatoes'ta 53, TheAutomators'ta 0 adimda gorüldü. Olayin isik rejimi seradan seraya degisiyor (Automatoes ort Iglob 659, TheAutomators 8) — tek seradan genellenmemeli. Iliski gozlemsel, nedensel iddia yok.",KALITATIF,"backtest_kaniti: sureli-pencere precision=0.766 (kalibrasyon testi KAPSAM_DISI derken, gercek geriye-donuk performans KALITATIF seviyesini destekliyor)",817.159,"veri (sera p5-p95, mevsim ici)"
CO2air,3h,TheAutomators,ZARF,ilkbahar,CO2air > 1027.000,1027.0,yuksek,Bu seranin normal calisma araliginin ustune cikiyor,"Dozaj hizini gozden gecir: dusuk isikta biriken CO2 bitki tarafindan kullanilamaz, maliyeti kalir.","OLCULDU (Automatoes, 275 adim): CO2air yuksek anlarinda ortalama co2_dos genel ortalamanin %50 ustunde (0.00342 vs 0.00228), pencereler kapali (ort aciklik %0.4), isik dusuk (ort Iglob 54). TheAutomators'ta bu durum hic gorulmedi (0 adim). Ekonomik CO2 esigi kurali (co2_esik_egilimi) ile ayni yonde — celiskili degil.",KALITATIF,"backtest_kaniti: sureli-pencere precision=0.766 (kalibrasyon testi KAPSAM_DISI derken, gercek geriye-donuk performans KALITATIF seviyesini destekliyor)",817.159,"veri (sera p5-p95, mevsim ici)"
CO2air,3h,TheAutomators,ZARF,kis,CO2air < 455.000,455.0,dusuk,Bu seranin normal calisma araliginin altina iniyor,"Once havalandirma konumuna bak: pencereler genis acikken dozlanan CO2 disari kacar, dozaj artirma. Dozaji yalnizca pencereler kapaliyken VE isik varken artir.","OLCULDU (Automatoes + TheAutomators, tam sezon 47.809'ar adim): CO2air dusuk olaylarinin %86.3-91.8'i havalandirma acikken gerceklesti; pencere aciklik toplami >%100 iken CO2air medyani dis ortam seviyesine iniyor (427 / 515 ppm). 'Pencere kapali VE isik var' kosulu Automatoes'ta 53, TheAutomators'ta 0 adimda gorüldü. Olayin isik rejimi seradan seraya degisiyor (Automatoes ort Iglob 659, TheAutomators 8) — tek seradan genellenmemeli. Iliski gozlemsel, nedensel iddia yok.",KALITATIF,"backtest_kaniti: sureli-pencere precision=0.766 (kalibrasyon testi KAPSAM_DISI derken, gercek geriye-donuk performans KALITATIF seviyesini destekliyor)",817.159,"veri (sera p5-p95, mevsim ici)"
CO2air,3h,TheAutomators,ZARF,kis,CO2air > 965.000,965.0,yuksek,Bu seranin normal calisma araliginin ustune cikiyor,"Dozaj hizini gozden gecir: dusuk isikta biriken CO2 bitki tarafindan kullanilamaz, maliyeti kalir.","OLCULDU (Automatoes, 275 adim): CO2air yuksek anlarinda ortalama co2_dos genel ortalamanin %50 ustunde (0.00342 vs 0.00228), pencereler kapali (ort aciklik %0.4), isik dusuk (ort Iglob 54). TheAutomators'ta bu durum hic gorulmedi (0 adim). Ekonomik CO2 esigi kurali (co2_esik_egilimi) ile ayni yonde — celiskili degil.",KALITATIF,"backtest_kaniti: sureli-pencere precision=0.766 (kalibrasyon testi KAPSAM_DISI derken, gercek geriye-donuk performans KALITATIF seviyesini destekliyor)",817.159,"veri (sera p5-p95, mevsim ici)"
CO2air,3h,TheAutomators,ZARF,tumu,CO2air < 465.000,465.0,dusuk,Bu seranin normal calisma araliginin altina iniyor,"Once havalandirma konumuna bak: pencereler genis acikken dozlanan CO2 disari kacar, dozaj artirma. Dozaji yalnizca pencereler kapaliyken VE isik varken artir.","OLCULDU (Automatoes + TheAutomators, tam sezon 47.809'ar adim): CO2air dusuk olaylarinin %86.3-91.8'i havalandirma acikken gerceklesti; pencere aciklik toplami >%100 iken CO2air medyani dis ortam seviyesine iniyor (427 / 515 ppm). 'Pencere kapali VE isik var' kosulu Automatoes'ta 53, TheAutomators'ta 0 adimda gorüldü. Olayin isik rejimi seradan seraya degisiyor (Automatoes ort Iglob 659, TheAutomators 8) — tek seradan genellenmemeli. Iliski gozlemsel, nedensel iddia yok.",KALITATIF,"backtest_kaniti: sureli-pencere precision=0.766 (kalibrasyon testi KAPSAM_DISI derken, gercek geriye-donuk performans KALITATIF seviyesini destekliyor)",817.159,veri (sera p5-p95)
CO2air,3h,TheAutomators,ZARF,tumu,CO2air > 998.000,998.0,yuksek,Bu seranin normal calisma araliginin ustune cikiyor,"Dozaj hizini gozden gecir: dusuk isikta biriken CO2 bitki tarafindan kullanilamaz, maliyeti kalir.","OLCULDU (Automatoes, 275 adim): CO2air yuksek anlarinda ortalama co2_dos genel ortalamanin %50 ustunde (0.00342 vs 0.00228), pencereler kapali (ort aciklik %0.4), isik dusuk (ort Iglob 54). TheAutomators'ta bu durum hic gorulmedi (0 adim). Ekonomik CO2 esigi kurali (co2_esik_egilimi) ile ayni yonde — celiskili degil.",KALITATIF,"backtest_kaniti: sureli-pencere precision=0.766 (kalibrasyon testi KAPSAM_DISI derken, gercek geriye-donuk performans KALITATIF seviyesini destekliyor)",817.159,veri (sera p5-p95)
CO2air,6h,AICU,ZARF,ilkbahar,CO2air < 449.000,449.0,dusuk,Bu seranin normal calisma araliginin altina iniyor,"Once havalandirma konumuna bak: pencereler genis acikken dozlanan CO2 disari kacar, dozaj artirma. Dozaji yalnizca pencereler kapaliyken VE isik varken artir.","OLCULDU (Automatoes + TheAutomators, tam sezon 47.809'ar adim): CO2air dusuk olaylarinin %86.3-91.8'i havalandirma acikken gerceklesti; pencere aciklik toplami >%100 iken CO2air medyani dis ortam seviyesine iniyor (427 / 515 ppm). 'Pencere kapali VE isik var' kosulu Automatoes'ta 53, TheAutomators'ta 0 adimda gorüldü. Olayin isik rejimi seradan seraya degisiyor (Automatoes ort Iglob 659, TheAutomators 8) — tek seradan genellenmemeli. Iliski gozlemsel, nedensel iddia yok.",KALITATIF,"backtest_kaniti: sureli-pencere precision=0.774 (kalibrasyon testi KAPSAM_DISI derken, gercek geriye-donuk performans KALITATIF seviyesini destekliyor)",789.733,"veri (sera p5-p95, mevsim ici)"
CO2air,6h,AICU,ZARF,ilkbahar,CO2air > 1087.000,1087.0,yuksek,Bu seranin normal calisma araliginin ustune cikiyor,"Dozaj hizini gozden gecir: dusuk isikta biriken CO2 bitki tarafindan kullanilamaz, maliyeti kalir.","OLCULDU (Automatoes, 275 adim): CO2air yuksek anlarinda ortalama co2_dos genel ortalamanin %50 ustunde (0.00342 vs 0.00228), pencereler kapali (ort aciklik %0.4), isik dusuk (ort Iglob 54). TheAutomators'ta bu durum hic gorulmedi (0 adim). Ekonomik CO2 esigi kurali (co2_esik_egilimi) ile ayni yonde — celiskili degil.",KALITATIF,"backtest_kaniti: sureli-pencere precision=0.774 (kalibrasyon testi KAPSAM_DISI derken, gercek geriye-donuk performans KALITATIF seviyesini destekliyor)",789.733,"veri (sera p5-p95, mevsim ici)"
CO2air,6h,AICU,ZARF,kis,CO2air < 536.000,536.0,dusuk,Bu seranin normal calisma araliginin altina iniyor,"Once havalandirma konumuna bak: pencereler genis acikken dozlanan CO2 disari kacar, dozaj artirma. Dozaji yalnizca pencereler kapaliyken VE isik varken artir.","OLCULDU (Automatoes + TheAutomators, tam sezon 47.809'ar adim): CO2air dusuk olaylarinin %86.3-91.8'i havalandirma acikken gerceklesti; pencere aciklik toplami >%100 iken CO2air medyani dis ortam seviyesine iniyor (427 / 515 ppm). 'Pencere kapali VE isik var' kosulu Automatoes'ta 53, TheAutomators'ta 0 adimda gorüldü. Olayin isik rejimi seradan seraya degisiyor (Automatoes ort Iglob 659, TheAutomators 8) — tek seradan genellenmemeli. Iliski gozlemsel, nedensel iddia yok.",KALITATIF,"backtest_kaniti: sureli-pencere precision=0.774 (kalibrasyon testi KAPSAM_DISI derken, gercek geriye-donuk performans KALITATIF seviyesini destekliyor)",789.733,"veri (sera p5-p95, mevsim ici)"
CO2air,6h,AICU,ZARF,kis,CO2air > 1056.650,1056.65,yuksek,Bu seranin normal calisma araliginin ustune cikiyor,"Dozaj hizini gozden gecir: dusuk isikta biriken CO2 bitki tarafindan kullanilamaz, maliyeti kalir.","OLCULDU (Automatoes, 275 adim): CO2air yuksek anlarinda ortalama co2_dos genel ortalamanin %50 ustunde (0.00342 vs 0.00228), pencereler kapali (ort aciklik %0.4), isik dusuk (ort Iglob 54). TheAutomators'ta bu durum hic gorulmedi (0 adim). Ekonomik CO2 esigi kurali (co2_esik_egilimi) ile ayni yonde — celiskili degil.",KALITATIF,"backtest_kaniti: sureli-pencere precision=0.774 (kalibrasyon testi KAPSAM_DISI derken, gercek geriye-donuk performans KALITATIF seviyesini destekliyor)",789.733,"veri (sera p5-p95, mevsim ici)"
CO2air,6h,AICU,ZARF,tumu,CO2air < 492.000,492.0,dusuk,Bu seranin normal calisma araliginin altina iniyor,"Once havalandirma konumuna bak: pencereler genis acikken dozlanan CO2 disari kacar, dozaj artirma. Dozaji yalnizca pencereler kapaliyken VE isik varken artir.","OLCULDU (Automatoes + TheAutomators, tam sezon 47.809'ar adim): CO2air dusuk olaylarinin %86.3-91.8'i havalandirma acikken gerceklesti; pencere aciklik toplami >%100 iken CO2air medyani dis ortam seviyesine iniyor (427 / 515 ppm). 'Pencere kapali VE isik var' kosulu Automatoes'ta 53, TheAutomators'ta 0 adimda gorüldü. Olayin isik rejimi seradan seraya degisiyor (Automatoes ort Iglob 659, TheAutomators 8) — tek seradan genellenmemeli. Iliski gozlemsel, nedensel iddia yok.",KALITATIF,"backtest_kaniti: sureli-pencere precision=0.774 (kalibrasyon testi KAPSAM_DISI derken, gercek geriye-donuk performans KALITATIF seviyesini destekliyor)",789.733,veri (sera p5-p95)
CO2air,6h,AICU,ZARF,tumu,CO2air > 1075.000,1075.0,yuksek,Bu seranin normal calisma araliginin ustune cikiyor,"Dozaj hizini gozden gecir: dusuk isikta biriken CO2 bitki tarafindan kullanilamaz, maliyeti kalir.","OLCULDU (Automatoes, 275 adim): CO2air yuksek anlarinda ortalama co2_dos genel ortalamanin %50 ustunde (0.00342 vs 0.00228), pencereler kapali (ort aciklik %0.4), isik dusuk (ort Iglob 54). TheAutomators'ta bu durum hic gorulmedi (0 adim). Ekonomik CO2 esigi kurali (co2_esik_egilimi) ile ayni yonde — celiskili degil.",KALITATIF,"backtest_kaniti: sureli-pencere precision=0.774 (kalibrasyon testi KAPSAM_DISI derken, gercek geriye-donuk performans KALITATIF seviyesini destekliyor)",789.733,veri (sera p5-p95)
CO2air,6h,Automatoes,ZARF,ilkbahar,CO2air < 445.000,445.0,dusuk,Bu seranin normal calisma araliginin altina iniyor,"Once havalandirma konumuna bak: pencereler genis acikken dozlanan CO2 disari kacar, dozaj artirma. Dozaji yalnizca pencereler kapaliyken VE isik varken artir.","OLCULDU (Automatoes + TheAutomators, tam sezon 47.809'ar adim): CO2air dusuk olaylarinin %86.3-91.8'i havalandirma acikken gerceklesti; pencere aciklik toplami >%100 iken CO2air medyani dis ortam seviyesine iniyor (427 / 515 ppm). 'Pencere kapali VE isik var' kosulu Automatoes'ta 53, TheAutomators'ta 0 adimda gorüldü. Olayin isik rejimi seradan seraya degisiyor (Automatoes ort Iglob 659, TheAutomators 8) — tek seradan genellenmemeli. Iliski gozlemsel, nedensel iddia yok.",KALITATIF,"backtest_kaniti: sureli-pencere precision=0.774 (kalibrasyon testi KAPSAM_DISI derken, gercek geriye-donuk performans KALITATIF seviyesini destekliyor)",789.733,"veri (sera p5-p95, mevsim ici)"
CO2air,6h,Automatoes,ZARF,ilkbahar,CO2air > 958.000,958.0,yuksek,Bu seranin normal calisma araliginin ustune cikiyor,"Dozaj hizini gozden gecir: dusuk isikta biriken CO2 bitki tarafindan kullanilamaz, maliyeti kalir.","OLCULDU (Automatoes, 275 adim): CO2air yuksek anlarinda ortalama co2_dos genel ortalamanin %50 ustunde (0.00342 vs 0.00228), pencereler kapali (ort aciklik %0.4), isik dusuk (ort Iglob 54). TheAutomators'ta bu durum hic gorulmedi (0 adim). Ekonomik CO2 esigi kurali (co2_esik_egilimi) ile ayni yonde — celiskili degil.",KALITATIF,"backtest_kaniti: sureli-pencere precision=0.774 (kalibrasyon testi KAPSAM_DISI derken, gercek geriye-donuk performans KALITATIF seviyesini destekliyor)",789.733,"veri (sera p5-p95, mevsim ici)"
CO2air,6h,Automatoes,ZARF,kis,CO2air < 514.000,514.0,dusuk,Bu seranin normal calisma araliginin altina iniyor,"Once havalandirma konumuna bak: pencereler genis acikken dozlanan CO2 disari kacar, dozaj artirma. Dozaji yalnizca pencereler kapaliyken VE isik varken artir.","OLCULDU (Automatoes + TheAutomators, tam sezon 47.809'ar adim): CO2air dusuk olaylarinin %86.3-91.8'i havalandirma acikken gerceklesti; pencere aciklik toplami >%100 iken CO2air medyani dis ortam seviyesine iniyor (427 / 515 ppm). 'Pencere kapali VE isik var' kosulu Automatoes'ta 53, TheAutomators'ta 0 adimda gorüldü. Olayin isik rejimi seradan seraya degisiyor (Automatoes ort Iglob 659, TheAutomators 8) — tek seradan genellenmemeli. Iliski gozlemsel, nedensel iddia yok.",KALITATIF,"backtest_kaniti: sureli-pencere precision=0.774 (kalibrasyon testi KAPSAM_DISI derken, gercek geriye-donuk performans KALITATIF seviyesini destekliyor)",789.733,"veri (sera p5-p95, mevsim ici)"
CO2air,6h,Automatoes,ZARF,kis,CO2air > 1020.000,1020.0,yuksek,Bu seranin normal calisma araliginin ustune cikiyor,"Dozaj hizini gozden gecir: dusuk isikta biriken CO2 bitki tarafindan kullanilamaz, maliyeti kalir.","OLCULDU (Automatoes, 275 adim): CO2air yuksek anlarinda ortalama co2_dos genel ortalamanin %50 ustunde (0.00342 vs 0.00228), pencereler kapali (ort aciklik %0.4), isik dusuk (ort Iglob 54). TheAutomators'ta bu durum hic gorulmedi (0 adim). Ekonomik CO2 esigi kurali (co2_esik_egilimi) ile ayni yonde — celiskili degil.",KALITATIF,"backtest_kaniti: sureli-pencere precision=0.774 (kalibrasyon testi KAPSAM_DISI derken, gercek geriye-donuk performans KALITATIF seviyesini destekliyor)",789.733,"veri (sera p5-p95, mevsim ici)"
CO2air,6h,Automatoes,ZARF,tumu,CO2air < 490.000,490.0,dusuk,Bu seranin normal calisma araliginin altina iniyor,"Once havalandirma konumuna bak: pencereler genis acikken dozlanan CO2 disari kacar, dozaj artirma. Dozaji yalnizca pencereler kapaliyken VE isik varken artir.","OLCULDU (Automatoes + TheAutomators, tam sezon 47.809'ar adim): CO2air dusuk olaylarinin %86.3-91.8'i havalandirma acikken gerceklesti; pencere aciklik toplami >%100 iken CO2air medyani dis ortam seviyesine iniyor (427 / 515 ppm). 'Pencere kapali VE isik var' kosulu Automatoes'ta 53, TheAutomators'ta 0 adimda gorüldü. Olayin isik rejimi seradan seraya degisiyor (Automatoes ort Iglob 659, TheAutomators 8) — tek seradan genellenmemeli. Iliski gozlemsel, nedensel iddia yok.",KALITATIF,"backtest_kaniti: sureli-pencere precision=0.774 (kalibrasyon testi KAPSAM_DISI derken, gercek geriye-donuk performans KALITATIF seviyesini destekliyor)",789.733,veri (sera p5-p95)
CO2air,6h,Automatoes,ZARF,tumu,CO2air > 989.900,989.9,yuksek,Bu seranin normal calisma araliginin ustune cikiyor,"Dozaj hizini gozden gecir: dusuk isikta biriken CO2 bitki tarafindan kullanilamaz, maliyeti kalir.","OLCULDU (Automatoes, 275 adim): CO2air yuksek anlarinda ortalama co2_dos genel ortalamanin %50 ustunde (0.00342 vs 0.00228), pencereler kapali (ort aciklik %0.4), isik dusuk (ort Iglob 54). TheAutomators'ta bu durum hic gorulmedi (0 adim). Ekonomik CO2 esigi kurali (co2_esik_egilimi) ile ayni yonde — celiskili degil.",KALITATIF,"backtest_kaniti: sureli-pencere precision=0.774 (kalibrasyon testi KAPSAM_DISI derken, gercek geriye-donuk performans KALITATIF seviyesini destekliyor)",789.733,veri (sera p5-p95)
CO2air,6h,Digilog,ZARF,ilkbahar,CO2air < 366.000,366.0,dusuk,Bu seranin normal calisma araliginin altina iniyor,"Once havalandirma konumuna bak: pencereler genis acikken dozlanan CO2 disari kacar, dozaj artirma. Dozaji yalnizca pencereler kapaliyken VE isik varken artir.","OLCULDU (Automatoes + TheAutomators, tam sezon 47.809'ar adim): CO2air dusuk olaylarinin %86.3-91.8'i havalandirma acikken gerceklesti; pencere aciklik toplami >%100 iken CO2air medyani dis ortam seviyesine iniyor (427 / 515 ppm). 'Pencere kapali VE isik var' kosulu Automatoes'ta 53, TheAutomators'ta 0 adimda gorüldü. Olayin isik rejimi seradan seraya degisiyor (Automatoes ort Iglob 659, TheAutomators 8) — tek seradan genellenmemeli. Iliski gozlemsel, nedensel iddia yok.",KALITATIF,"backtest_kaniti: sureli-pencere precision=0.774 (kalibrasyon testi KAPSAM_DISI derken, gercek geriye-donuk performans KALITATIF seviyesini destekliyor)",789.733,"veri (sera p5-p95, mevsim ici)"
CO2air,6h,Digilog,ZARF,ilkbahar,CO2air > 762.000,762.0,yuksek,Bu seranin normal calisma araliginin ustune cikiyor,"Dozaj hizini gozden gecir: dusuk isikta biriken CO2 bitki tarafindan kullanilamaz, maliyeti kalir.","OLCULDU (Automatoes, 275 adim): CO2air yuksek anlarinda ortalama co2_dos genel ortalamanin %50 ustunde (0.00342 vs 0.00228), pencereler kapali (ort aciklik %0.4), isik dusuk (ort Iglob 54). TheAutomators'ta bu durum hic gorulmedi (0 adim). Ekonomik CO2 esigi kurali (co2_esik_egilimi) ile ayni yonde — celiskili degil.",KALITATIF,"backtest_kaniti: sureli-pencere precision=0.774 (kalibrasyon testi KAPSAM_DISI derken, gercek geriye-donuk performans KALITATIF seviyesini destekliyor)",789.733,"veri (sera p5-p95, mevsim ici)"
CO2air,6h,Digilog,ZARF,kis,CO2air < 467.000,467.0,dusuk,Bu seranin normal calisma araliginin altina iniyor,"Once havalandirma konumuna bak: pencereler genis acikken dozlanan CO2 disari kacar, dozaj artirma. Dozaji yalnizca pencereler kapaliyken VE isik varken artir.","OLCULDU (Automatoes + TheAutomators, tam sezon 47.809'ar adim): CO2air dusuk olaylarinin %86.3-91.8'i havalandirma acikken gerceklesti; pencere aciklik toplami >%100 iken CO2air medyani dis ortam seviyesine iniyor (427 / 515 ppm). 'Pencere kapali VE isik var' kosulu Automatoes'ta 53, TheAutomators'ta 0 adimda gorüldü. Olayin isik rejimi seradan seraya degisiyor (Automatoes ort Iglob 659, TheAutomators 8) — tek seradan genellenmemeli. Iliski gozlemsel, nedensel iddia yok.",KALITATIF,"backtest_kaniti: sureli-pencere precision=0.774 (kalibrasyon testi KAPSAM_DISI derken, gercek geriye-donuk performans KALITATIF seviyesini destekliyor)",789.733,"veri (sera p5-p95, mevsim ici)"
CO2air,6h,Digilog,ZARF,kis,CO2air > 822.000,822.0,yuksek,Bu seranin normal calisma araliginin ustune cikiyor,"Dozaj hizini gozden gecir: dusuk isikta biriken CO2 bitki tarafindan kullanilamaz, maliyeti kalir.","OLCULDU (Automatoes, 275 adim): CO2air yuksek anlarinda ortalama co2_dos genel ortalamanin %50 ustunde (0.00342 vs 0.00228), pencereler kapali (ort aciklik %0.4), isik dusuk (ort Iglob 54). TheAutomators'ta bu durum hic gorulmedi (0 adim). Ekonomik CO2 esigi kurali (co2_esik_egilimi) ile ayni yonde — celiskili degil.",KALITATIF,"backtest_kaniti: sureli-pencere precision=0.774 (kalibrasyon testi KAPSAM_DISI derken, gercek geriye-donuk performans KALITATIF seviyesini destekliyor)",789.733,"veri (sera p5-p95, mevsim ici)"
CO2air,6h,Digilog,ZARF,tumu,CO2air < 406.000,406.0,dusuk,Bu seranin normal calisma araliginin altina iniyor,"Once havalandirma konumuna bak: pencereler genis acikken dozlanan CO2 disari kacar, dozaj artirma. Dozaji yalnizca pencereler kapaliyken VE isik varken artir.","OLCULDU (Automatoes + TheAutomators, tam sezon 47.809'ar adim): CO2air dusuk olaylarinin %86.3-91.8'i havalandirma acikken gerceklesti; pencere aciklik toplami >%100 iken CO2air medyani dis ortam seviyesine iniyor (427 / 515 ppm). 'Pencere kapali VE isik var' kosulu Automatoes'ta 53, TheAutomators'ta 0 adimda gorüldü. Olayin isik rejimi seradan seraya degisiyor (Automatoes ort Iglob 659, TheAutomators 8) — tek seradan genellenmemeli. Iliski gozlemsel, nedensel iddia yok.",KALITATIF,"backtest_kaniti: sureli-pencere precision=0.774 (kalibrasyon testi KAPSAM_DISI derken, gercek geriye-donuk performans KALITATIF seviyesini destekliyor)",789.733,veri (sera p5-p95)
CO2air,6h,Digilog,ZARF,tumu,CO2air > 793.000,793.0,yuksek,Bu seranin normal calisma araliginin ustune cikiyor,"Dozaj hizini gozden gecir: dusuk isikta biriken CO2 bitki tarafindan kullanilamaz, maliyeti kalir.","OLCULDU (Automatoes, 275 adim): CO2air yuksek anlarinda ortalama co2_dos genel ortalamanin %50 ustunde (0.00342 vs 0.00228), pencereler kapali (ort aciklik %0.4), isik dusuk (ort Iglob 54). TheAutomators'ta bu durum hic gorulmedi (0 adim). Ekonomik CO2 esigi kurali (co2_esik_egilimi) ile ayni yonde — celiskili degil.",KALITATIF,"backtest_kaniti: sureli-pencere precision=0.774 (kalibrasyon testi KAPSAM_DISI derken, gercek geriye-donuk performans KALITATIF seviyesini destekliyor)",789.733,veri (sera p5-p95)
CO2air,6h,IUACAAS,ZARF,ilkbahar,CO2air < 404.000,404.0,dusuk,Bu seranin normal calisma araliginin altina iniyor,"Once havalandirma konumuna bak: pencereler genis acikken dozlanan CO2 disari kacar, dozaj artirma. Dozaji yalnizca pencereler kapaliyken VE isik varken artir.","OLCULDU (Automatoes + TheAutomators, tam sezon 47.809'ar adim): CO2air dusuk olaylarinin %86.3-91.8'i havalandirma acikken gerceklesti; pencere aciklik toplami >%100 iken CO2air medyani dis ortam seviyesine iniyor (427 / 515 ppm). 'Pencere kapali VE isik var' kosulu Automatoes'ta 53, TheAutomators'ta 0 adimda gorüldü. Olayin isik rejimi seradan seraya degisiyor (Automatoes ort Iglob 659, TheAutomators 8) — tek seradan genellenmemeli. Iliski gozlemsel, nedensel iddia yok.",KALITATIF,"backtest_kaniti: sureli-pencere precision=0.774 (kalibrasyon testi KAPSAM_DISI derken, gercek geriye-donuk performans KALITATIF seviyesini destekliyor)",789.733,"veri (sera p5-p95, mevsim ici)"
CO2air,6h,IUACAAS,ZARF,ilkbahar,CO2air > 838.000,838.0,yuksek,Bu seranin normal calisma araliginin ustune cikiyor,"Dozaj hizini gozden gecir: dusuk isikta biriken CO2 bitki tarafindan kullanilamaz, maliyeti kalir.","OLCULDU (Automatoes, 275 adim): CO2air yuksek anlarinda ortalama co2_dos genel ortalamanin %50 ustunde (0.00342 vs 0.00228), pencereler kapali (ort aciklik %0.4), isik dusuk (ort Iglob 54). TheAutomators'ta bu durum hic gorulmedi (0 adim). Ekonomik CO2 esigi kurali (co2_esik_egilimi) ile ayni yonde — celiskili degil.",KALITATIF,"backtest_kaniti: sureli-pencere precision=0.774 (kalibrasyon testi KAPSAM_DISI derken, gercek geriye-donuk performans KALITATIF seviyesini destekliyor)",789.733,"veri (sera p5-p95, mevsim ici)"
CO2air,6h,IUACAAS,ZARF,kis,CO2air < 490.000,490.0,dusuk,Bu seranin normal calisma araliginin altina iniyor,"Once havalandirma konumuna bak: pencereler genis acikken dozlanan CO2 disari kacar, dozaj artirma. Dozaji yalnizca pencereler kapaliyken VE isik varken artir.","OLCULDU (Automatoes + TheAutomators, tam sezon 47.809'ar adim): CO2air dusuk olaylarinin %86.3-91.8'i havalandirma acikken gerceklesti; pencere aciklik toplami >%100 iken CO2air medyani dis ortam seviyesine iniyor (427 / 515 ppm). 'Pencere kapali VE isik var' kosulu Automatoes'ta 53, TheAutomators'ta 0 adimda gorüldü. Olayin isik rejimi seradan seraya degisiyor (Automatoes ort Iglob 659, TheAutomators 8) — tek seradan genellenmemeli. Iliski gozlemsel, nedensel iddia yok.",KALITATIF,"backtest_kaniti: sureli-pencere precision=0.774 (kalibrasyon testi KAPSAM_DISI derken, gercek geriye-donuk performans KALITATIF seviyesini destekliyor)",789.733,"veri (sera p5-p95, mevsim ici)"
CO2air,6h,IUACAAS,ZARF,kis,CO2air > 893.000,893.0,yuksek,Bu seranin normal calisma araliginin ustune cikiyor,"Dozaj hizini gozden gecir: dusuk isikta biriken CO2 bitki tarafindan kullanilamaz, maliyeti kalir.","OLCULDU (Automatoes, 275 adim): CO2air yuksek anlarinda ortalama co2_dos genel ortalamanin %50 ustunde (0.00342 vs 0.00228), pencereler kapali (ort aciklik %0.4), isik dusuk (ort Iglob 54). TheAutomators'ta bu durum hic gorulmedi (0 adim). Ekonomik CO2 esigi kurali (co2_esik_egilimi) ile ayni yonde — celiskili degil.",KALITATIF,"backtest_kaniti: sureli-pencere precision=0.774 (kalibrasyon testi KAPSAM_DISI derken, gercek geriye-donuk performans KALITATIF seviyesini destekliyor)",789.733,"veri (sera p5-p95, mevsim ici)"
CO2air,6h,IUACAAS,ZARF,tumu,CO2air < 427.000,427.0,dusuk,Bu seranin normal calisma araliginin altina iniyor,"Once havalandirma konumuna bak: pencereler genis acikken dozlanan CO2 disari kacar, dozaj artirma. Dozaji yalnizca pencereler kapaliyken VE isik varken artir.","OLCULDU (Automatoes + TheAutomators, tam sezon 47.809'ar adim): CO2air dusuk olaylarinin %86.3-91.8'i havalandirma acikken gerceklesti; pencere aciklik toplami >%100 iken CO2air medyani dis ortam seviyesine iniyor (427 / 515 ppm). 'Pencere kapali VE isik var' kosulu Automatoes'ta 53, TheAutomators'ta 0 adimda gorüldü. Olayin isik rejimi seradan seraya degisiyor (Automatoes ort Iglob 659, TheAutomators 8) — tek seradan genellenmemeli. Iliski gozlemsel, nedensel iddia yok.",KALITATIF,"backtest_kaniti: sureli-pencere precision=0.774 (kalibrasyon testi KAPSAM_DISI derken, gercek geriye-donuk performans KALITATIF seviyesini destekliyor)",789.733,veri (sera p5-p95)
CO2air,6h,IUACAAS,ZARF,tumu,CO2air > 872.000,872.0,yuksek,Bu seranin normal calisma araliginin ustune cikiyor,"Dozaj hizini gozden gecir: dusuk isikta biriken CO2 bitki tarafindan kullanilamaz, maliyeti kalir.","OLCULDU (Automatoes, 275 adim): CO2air yuksek anlarinda ortalama co2_dos genel ortalamanin %50 ustunde (0.00342 vs 0.00228), pencereler kapali (ort aciklik %0.4), isik dusuk (ort Iglob 54). TheAutomators'ta bu durum hic gorulmedi (0 adim). Ekonomik CO2 esigi kurali (co2_esik_egilimi) ile ayni yonde — celiskili degil.",KALITATIF,"backtest_kaniti: sureli-pencere precision=0.774 (kalibrasyon testi KAPSAM_DISI derken, gercek geriye-donuk performans KALITATIF seviyesini destekliyor)",789.733,veri (sera p5-p95)
CO2air,6h,Reference,ZARF,ilkbahar,CO2air < 451.000,451.0,dusuk,Bu seranin normal calisma araliginin altina iniyor,"Once havalandirma konumuna bak: pencereler genis acikken dozlanan CO2 disari kacar, dozaj artirma. Dozaji yalnizca pencereler kapaliyken VE isik varken artir.","OLCULDU (Automatoes + TheAutomators, tam sezon 47.809'ar adim): CO2air dusuk olaylarinin %86.3-91.8'i havalandirma acikken gerceklesti; pencere aciklik toplami >%100 iken CO2air medyani dis ortam seviyesine iniyor (427 / 515 ppm). 'Pencere kapali VE isik var' kosulu Automatoes'ta 53, TheAutomators'ta 0 adimda gorüldü. Olayin isik rejimi seradan seraya degisiyor (Automatoes ort Iglob 659, TheAutomators 8) — tek seradan genellenmemeli. Iliski gozlemsel, nedensel iddia yok.",KALITATIF,"backtest_kaniti: sureli-pencere precision=0.774 (kalibrasyon testi KAPSAM_DISI derken, gercek geriye-donuk performans KALITATIF seviyesini destekliyor)",789.733,"veri (sera p5-p95, mevsim ici)"
CO2air,6h,Reference,ZARF,ilkbahar,CO2air > 945.000,945.0,yuksek,Bu seranin normal calisma araliginin ustune cikiyor,"Dozaj hizini gozden gecir: dusuk isikta biriken CO2 bitki tarafindan kullanilamaz, maliyeti kalir.","OLCULDU (Automatoes, 275 adim): CO2air yuksek anlarinda ortalama co2_dos genel ortalamanin %50 ustunde (0.00342 vs 0.00228), pencereler kapali (ort aciklik %0.4), isik dusuk (ort Iglob 54). TheAutomators'ta bu durum hic gorulmedi (0 adim). Ekonomik CO2 esigi kurali (co2_esik_egilimi) ile ayni yonde — celiskili degil.",KALITATIF,"backtest_kaniti: sureli-pencere precision=0.774 (kalibrasyon testi KAPSAM_DISI derken, gercek geriye-donuk performans KALITATIF seviyesini destekliyor)",789.733,"veri (sera p5-p95, mevsim ici)"
CO2air,6h,Reference,ZARF,kis,CO2air < 493.000,493.0,dusuk,Bu seranin normal calisma araliginin altina iniyor,"Once havalandirma konumuna bak: pencereler genis acikken dozlanan CO2 disari kacar, dozaj artirma. Dozaji yalnizca pencereler kapaliyken VE isik varken artir.","OLCULDU (Automatoes + TheAutomators, tam sezon 47.809'ar adim): CO2air dusuk olaylarinin %86.3-91.8'i havalandirma acikken gerceklesti; pencere aciklik toplami >%100 iken CO2air medyani dis ortam seviyesine iniyor (427 / 515 ppm). 'Pencere kapali VE isik var' kosulu Automatoes'ta 53, TheAutomators'ta 0 adimda gorüldü. Olayin isik rejimi seradan seraya degisiyor (Automatoes ort Iglob 659, TheAutomators 8) — tek seradan genellenmemeli. Iliski gozlemsel, nedensel iddia yok.",KALITATIF,"backtest_kaniti: sureli-pencere precision=0.774 (kalibrasyon testi KAPSAM_DISI derken, gercek geriye-donuk performans KALITATIF seviyesini destekliyor)",789.733,"veri (sera p5-p95, mevsim ici)"
CO2air,6h,Reference,ZARF,kis,CO2air > 681.000,681.0,yuksek,Bu seranin normal calisma araliginin ustune cikiyor,"Dozaj hizini gozden gecir: dusuk isikta biriken CO2 bitki tarafindan kullanilamaz, maliyeti kalir.","OLCULDU (Automatoes, 275 adim): CO2air yuksek anlarinda ortalama co2_dos genel ortalamanin %50 ustunde (0.00342 vs 0.00228), pencereler kapali (ort aciklik %0.4), isik dusuk (ort Iglob 54). TheAutomators'ta bu durum hic gorulmedi (0 adim). Ekonomik CO2 esigi kurali (co2_esik_egilimi) ile ayni yonde — celiskili degil.",KALITATIF,"backtest_kaniti: sureli-pencere precision=0.774 (kalibrasyon testi KAPSAM_DISI derken, gercek geriye-donuk performans KALITATIF seviyesini destekliyor)",789.733,"veri (sera p5-p95, mevsim ici)"
CO2air,6h,Reference,ZARF,tumu,CO2air < 468.000,468.0,dusuk,Bu seranin normal calisma araliginin altina iniyor,"Once havalandirma konumuna bak: pencereler genis acikken dozlanan CO2 disari kacar, dozaj artirma. Dozaji yalnizca pencereler kapaliyken VE isik varken artir.","OLCULDU (Automatoes + TheAutomators, tam sezon 47.809'ar adim): CO2air dusuk olaylarinin %86.3-91.8'i havalandirma acikken gerceklesti; pencere aciklik toplami >%100 iken CO2air medyani dis ortam seviyesine iniyor (427 / 515 ppm). 'Pencere kapali VE isik var' kosulu Automatoes'ta 53, TheAutomators'ta 0 adimda gorüldü. Olayin isik rejimi seradan seraya degisiyor (Automatoes ort Iglob 659, TheAutomators 8) — tek seradan genellenmemeli. Iliski gozlemsel, nedensel iddia yok.",KALITATIF,"backtest_kaniti: sureli-pencere precision=0.774 (kalibrasyon testi KAPSAM_DISI derken, gercek geriye-donuk performans KALITATIF seviyesini destekliyor)",789.733,veri (sera p5-p95)
CO2air,6h,Reference,ZARF,tumu,CO2air > 916.000,916.0,yuksek,Bu seranin normal calisma araliginin ustune cikiyor,"Dozaj hizini gozden gecir: dusuk isikta biriken CO2 bitki tarafindan kullanilamaz, maliyeti kalir.","OLCULDU (Automatoes, 275 adim): CO2air yuksek anlarinda ortalama co2_dos genel ortalamanin %50 ustunde (0.00342 vs 0.00228), pencereler kapali (ort aciklik %0.4), isik dusuk (ort Iglob 54). TheAutomators'ta bu durum hic gorulmedi (0 adim). Ekonomik CO2 esigi kurali (co2_esik_egilimi) ile ayni yonde — celiskili degil.",KALITATIF,"backtest_kaniti: sureli-pencere precision=0.774 (kalibrasyon testi KAPSAM_DISI derken, gercek geriye-donuk performans KALITATIF seviyesini destekliyor)",789.733,veri (sera p5-p95)
CO2air,6h,TheAutomators,ZARF,ilkbahar,CO2air < 471.000,471.0,dusuk,Bu seranin normal calisma araliginin altina iniyor,"Once havalandirma konumuna bak: pencereler genis acikken dozlanan CO2 disari kacar, dozaj artirma. Dozaji yalnizca pencereler kapaliyken VE isik varken artir.","OLCULDU (Automatoes + TheAutomators, tam sezon 47.809'ar adim): CO2air dusuk olaylarinin %86.3-91.8'i havalandirma acikken gerceklesti; pencere aciklik toplami >%100 iken CO2air medyani dis ortam seviyesine iniyor (427 / 515 ppm). 'Pencere kapali VE isik var' kosulu Automatoes'ta 53, TheAutomators'ta 0 adimda gorüldü. Olayin isik rejimi seradan seraya degisiyor (Automatoes ort Iglob 659, TheAutomators 8) — tek seradan genellenmemeli. Iliski gozlemsel, nedensel iddia yok.",KALITATIF,"backtest_kaniti: sureli-pencere precision=0.774 (kalibrasyon testi KAPSAM_DISI derken, gercek geriye-donuk performans KALITATIF seviyesini destekliyor)",789.733,"veri (sera p5-p95, mevsim ici)"
CO2air,6h,TheAutomators,ZARF,ilkbahar,CO2air > 1027.000,1027.0,yuksek,Bu seranin normal calisma araliginin ustune cikiyor,"Dozaj hizini gozden gecir: dusuk isikta biriken CO2 bitki tarafindan kullanilamaz, maliyeti kalir.","OLCULDU (Automatoes, 275 adim): CO2air yuksek anlarinda ortalama co2_dos genel ortalamanin %50 ustunde (0.00342 vs 0.00228), pencereler kapali (ort aciklik %0.4), isik dusuk (ort Iglob 54). TheAutomators'ta bu durum hic gorulmedi (0 adim). Ekonomik CO2 esigi kurali (co2_esik_egilimi) ile ayni yonde — celiskili degil.",KALITATIF,"backtest_kaniti: sureli-pencere precision=0.774 (kalibrasyon testi KAPSAM_DISI derken, gercek geriye-donuk performans KALITATIF seviyesini destekliyor)",789.733,"veri (sera p5-p95, mevsim ici)"
CO2air,6h,TheAutomators,ZARF,kis,CO2air < 455.000,455.0,dusuk,Bu seranin normal calisma araliginin altina iniyor,"Once havalandirma konumuna bak: pencereler genis acikken dozlanan CO2 disari kacar, dozaj artirma. Dozaji yalnizca pencereler kapaliyken VE isik varken artir.","OLCULDU (Automatoes + TheAutomators, tam sezon 47.809'ar adim): CO2air dusuk olaylarinin %86.3-91.8'i havalandirma acikken gerceklesti; pencere aciklik toplami >%100 iken CO2air medyani dis ortam seviyesine iniyor (427 / 515 ppm). 'Pencere kapali VE isik var' kosulu Automatoes'ta 53, TheAutomators'ta 0 adimda gorüldü. Olayin isik rejimi seradan seraya degisiyor (Automatoes ort Iglob 659, TheAutomators 8) — tek seradan genellenmemeli. Iliski gozlemsel, nedensel iddia yok.",KALITATIF,"backtest_kaniti: sureli-pencere precision=0.774 (kalibrasyon testi KAPSAM_DISI derken, gercek geriye-donuk performans KALITATIF seviyesini destekliyor)",789.733,"veri (sera p5-p95, mevsim ici)"
CO2air,6h,TheAutomators,ZARF,kis,CO2air > 965.000,965.0,yuksek,Bu seranin normal calisma araliginin ustune cikiyor,"Dozaj hizini gozden gecir: dusuk isikta biriken CO2 bitki tarafindan kullanilamaz, maliyeti kalir.","OLCULDU (Automatoes, 275 adim): CO2air yuksek anlarinda ortalama co2_dos genel ortalamanin %50 ustunde (0.00342 vs 0.00228), pencereler kapali (ort aciklik %0.4), isik dusuk (ort Iglob 54). TheAutomators'ta bu durum hic gorulmedi (0 adim). Ekonomik CO2 esigi kurali (co2_esik_egilimi) ile ayni yonde — celiskili degil.",KALITATIF,"backtest_kaniti: sureli-pencere precision=0.774 (kalibrasyon testi KAPSAM_DISI derken, gercek geriye-donuk performans KALITATIF seviyesini destekliyor)",789.733,"veri (sera p5-p95, mevsim ici)"
CO2air,6h,TheAutomators,ZARF,tumu,CO2air < 465.000,465.0,dusuk,Bu seranin normal calisma araliginin altina iniyor,"Once havalandirma konumuna bak: pencereler genis acikken dozlanan CO2 disari kacar, dozaj artirma. Dozaji yalnizca pencereler kapaliyken VE isik varken artir.","OLCULDU (Automatoes + TheAutomators, tam sezon 47.809'ar adim): CO2air dusuk olaylarinin %86.3-91.8'i havalandirma acikken gerceklesti; pencere aciklik toplami >%100 iken CO2air medyani dis ortam seviyesine iniyor (427 / 515 ppm). 'Pencere kapali VE isik var' kosulu Automatoes'ta 53, TheAutomators'ta 0 adimda gorüldü. Olayin isik rejimi seradan seraya degisiyor (Automatoes ort Iglob 659, TheAutomators 8) — tek seradan genellenmemeli. Iliski gozlemsel, nedensel iddia yok.",KALITATIF,"backtest_kaniti: sureli-pencere precision=0.774 (kalibrasyon testi KAPSAM_DISI derken, gercek geriye-donuk performans KALITATIF seviyesini destekliyor)",789.733,veri (sera p5-p95)
CO2air,6h,TheAutomators,ZARF,tumu,CO2air > 998.000,998.0,yuksek,Bu seranin normal calisma araliginin ustune cikiyor,"Dozaj hizini gozden gecir: dusuk isikta biriken CO2 bitki tarafindan kullanilamaz, maliyeti kalir.","OLCULDU (Automatoes, 275 adim): CO2air yuksek anlarinda ortalama co2_dos genel ortalamanin %50 ustunde (0.00342 vs 0.00228), pencereler kapali (ort aciklik %0.4), isik dusuk (ort Iglob 54). TheAutomators'ta bu durum hic gorulmedi (0 adim). Ekonomik CO2 esigi kurali (co2_esik_egilimi) ile ayni yonde — celiskili degil.",KALITATIF,"backtest_kaniti: sureli-pencere precision=0.774 (kalibrasyon testi KAPSAM_DISI derken, gercek geriye-donuk performans KALITATIF seviyesini destekliyor)",789.733,veri (sera p5-p95)
EC_slab1,3h,AICU,ZARF,ilkbahar,EC_slab1 < 4.300,4.3,dusuk,Bu seranin normal calisma araliginin altina iniyor,Besin cozeltisi konsantrasyonunu artir,Ani artis kok sokuna yol acabilir,SAYISAL,"kapsama 0.95, aralik/deger %8",0.39,"veri (sera p5-p95, mevsim ici)"
EC_slab1,3h,AICU,ZARF,ilkbahar,EC_slab1 > 5.600,5.6,yuksek,Bu seranin normal calisma araliginin ustune cikiyor,Sulama siklığini artir veya drenaj oranini yukselt,Fazla sulama su israfi ve besin yikanmasi yaratir,SAYISAL,"kapsama 0.95, aralik/deger %8",0.39,"veri (sera p5-p95, mevsim ici)"
EC_slab1,3h,AICU,ZARF,kis,EC_slab1 < 3.600,3.6,dusuk,Bu seranin normal calisma araliginin altina iniyor,Besin cozeltisi konsantrasyonunu artir,Ani artis kok sokuna yol acabilir,SAYISAL,"kapsama 0.95, aralik/deger %8",0.39,"veri (sera p5-p95, mevsim ici)"
EC_slab1,3h,AICU,ZARF,kis,EC_slab1 > 5.000,5.0,yuksek,Bu seranin normal calisma araliginin ustune cikiyor,Sulama siklığini artir veya drenaj oranini yukselt,Fazla sulama su israfi ve besin yikanmasi yaratir,SAYISAL,"kapsama 0.95, aralik/deger %8",0.39,"veri (sera p5-p95, mevsim ici)"
EC_slab1,3h,AICU,ZARF,tumu,EC_slab1 < 3.700,3.7,dusuk,Bu seranin normal calisma araliginin altina iniyor,Besin cozeltisi konsantrasyonunu artir,Ani artis kok sokuna yol acabilir,SAYISAL,"kapsama 0.95, aralik/deger %8",0.39,veri (sera p5-p95)
EC_slab1,3h,AICU,ZARF,tumu,EC_slab1 > 5.400,5.4,yuksek,Bu seranin normal calisma araliginin ustune cikiyor,Sulama siklığini artir veya drenaj oranini yukselt,Fazla sulama su israfi ve besin yikanmasi yaratir,SAYISAL,"kapsama 0.95, aralik/deger %8",0.39,veri (sera p5-p95)
EC_slab1,3h,Automatoes,ZARF,ilkbahar,EC_slab1 < 4.400,4.4,dusuk,Bu seranin normal calisma araliginin altina iniyor,Besin cozeltisi konsantrasyonunu artir,Ani artis kok sokuna yol acabilir,SAYISAL,"kapsama 0.95, aralik/deger %8",0.39,"veri (sera p5-p95, mevsim ici)"
EC_slab1,3h,Automatoes,ZARF,ilkbahar,EC_slab1 > 5.600,5.6,yuksek,Bu seranin normal calisma araliginin ustune cikiyor,Sulama siklığini artir veya drenaj oranini yukselt,Fazla sulama su israfi ve besin yikanmasi yaratir,SAYISAL,"kapsama 0.95, aralik/deger %8",0.39,"veri (sera p5-p95, mevsim ici)"
EC_slab1,3h,Automatoes,ZARF,kis,EC_slab1 < 3.700,3.7,dusuk,Bu seranin normal calisma araliginin altina iniyor,Besin cozeltisi konsantrasyonunu artir,Ani artis kok sokuna yol acabilir,SAYISAL,"kapsama 0.95, aralik/deger %8",0.39,"veri (sera p5-p95, mevsim ici)"
EC_slab1,3h,Automatoes,ZARF,kis,EC_slab1 > 5.000,5.0,yuksek,Bu seranin normal calisma araliginin ustune cikiyor,Sulama siklığini artir veya drenaj oranini yukselt,Fazla sulama su israfi ve besin yikanmasi yaratir,SAYISAL,"kapsama 0.95, aralik/deger %8",0.39,"veri (sera p5-p95, mevsim ici)"
EC_slab1,3h,Automatoes,ZARF,tumu,EC_slab1 < 3.700,3.7,dusuk,Bu seranin normal calisma araliginin altina iniyor,Besin cozeltisi konsantrasyonunu artir,Ani artis kok sokuna yol acabilir,SAYISAL,"kapsama 0.95, aralik/deger %8",0.39,veri (sera p5-p95)
EC_slab1,3h,Automatoes,ZARF,tumu,EC_slab1 > 5.500,5.5,yuksek,Bu seranin normal calisma araliginin ustune cikiyor,Sulama siklığini artir veya drenaj oranini yukselt,Fazla sulama su israfi ve besin yikanmasi yaratir,SAYISAL,"kapsama 0.95, aralik/deger %8",0.39,veri (sera p5-p95)
EC_slab1,3h,Digilog,ZARF,ilkbahar,EC_slab1 < 4.500,4.5,dusuk,Bu seranin normal calisma araliginin altina iniyor,Besin cozeltisi konsantrasyonunu artir,Ani artis kok sokuna yol acabilir,SAYISAL,"kapsama 0.95, aralik/deger %8",0.39,"veri (sera p5-p95, mevsim ici)"
EC_slab1,3h,Digilog,ZARF,ilkbahar,EC_slab1 > 7.700,7.7,yuksek,Bu seranin normal calisma araliginin ustune cikiyor,Sulama siklığini artir veya drenaj oranini yukselt,Fazla sulama su israfi ve besin yikanmasi yaratir,SAYISAL,"kapsama 0.95, aralik/deger %8",0.39,"veri (sera p5-p95, mevsim ici)"
EC_slab1,3h,Digilog,ZARF,kis,EC_slab1 < 4.200,4.2,dusuk,Bu seranin normal calisma araliginin altina iniyor,Besin cozeltisi konsantrasyonunu artir,Ani artis kok sokuna yol acabilir,SAYISAL,"kapsama 0.95, aralik/deger %8",0.39,"veri (sera p5-p95, mevsim ici)"
EC_slab1,3h,Digilog,ZARF,kis,EC_slab1 > 6.400,6.4,yuksek,Bu seranin normal calisma araliginin ustune cikiyor,Sulama siklığini artir veya drenaj oranini yukselt,Fazla sulama su israfi ve besin yikanmasi yaratir,SAYISAL,"kapsama 0.95, aralik/deger %8",0.39,"veri (sera p5-p95, mevsim ici)"
EC_slab1,3h,Digilog,ZARF,tumu,EC_slab1 < 4.300,4.3,dusuk,Bu seranin normal calisma araliginin altina iniyor,Besin cozeltisi konsantrasyonunu artir,Ani artis kok sokuna yol acabilir,SAYISAL,"kapsama 0.95, aralik/deger %8",0.39,veri (sera p5-p95)
EC_slab1,3h,Digilog,ZARF,tumu,EC_slab1 > 7.600,7.6,yuksek,Bu seranin normal calisma araliginin ustune cikiyor,Sulama siklığini artir veya drenaj oranini yukselt,Fazla sulama su israfi ve besin yikanmasi yaratir,SAYISAL,"kapsama 0.95, aralik/deger %8",0.39,veri (sera p5-p95)
EC_slab1,3h,IUACAAS,ZARF,ilkbahar,EC_slab1 < 4.500,4.5,dusuk,Bu seranin normal calisma araliginin altina iniyor,Besin cozeltisi konsantrasyonunu artir,Ani artis kok sokuna yol acabilir,SAYISAL,"kapsama 0.95, aralik/deger %8",0.39,"veri (sera p5-p95, mevsim ici)"
EC_slab1,3h,IUACAAS,ZARF,ilkbahar,EC_slab1 > 5.900,5.9,yuksek,Bu seranin normal calisma araliginin ustune cikiyor,Sulama siklığini artir veya drenaj oranini yukselt,Fazla sulama su israfi ve besin yikanmasi yaratir,SAYISAL,"kapsama 0.95, aralik/deger %8",0.39,"veri (sera p5-p95, mevsim ici)"
EC_slab1,3h,IUACAAS,ZARF,kis,EC_slab1 < 4.600,4.6,dusuk,Bu seranin normal calisma araliginin altina iniyor,Besin cozeltisi konsantrasyonunu artir,Ani artis kok sokuna yol acabilir,SAYISAL,"kapsama 0.95, aralik/deger %8",0.39,"veri (sera p5-p95, mevsim ici)"
EC_slab1,3h,IUACAAS,ZARF,kis,EC_slab1 > 5.300,5.3,yuksek,Bu seranin normal calisma araliginin ustune cikiyor,Sulama siklığini artir veya drenaj oranini yukselt,Fazla sulama su israfi ve besin yikanmasi yaratir,SAYISAL,"kapsama 0.95, aralik/deger %8",0.39,"veri (sera p5-p95, mevsim ici)"
EC_slab1,3h,IUACAAS,ZARF,tumu,EC_slab1 < 4.500,4.5,dusuk,Bu seranin normal calisma araliginin altina iniyor,Besin cozeltisi konsantrasyonunu artir,Ani artis kok sokuna yol acabilir,SAYISAL,"kapsama 0.95, aralik/deger %8",0.39,veri (sera p5-p95)
EC_slab1,3h,IUACAAS,ZARF,tumu,EC_slab1 > 5.800,5.8,yuksek,Bu seranin normal calisma araliginin ustune cikiyor,Sulama siklığini artir veya drenaj oranini yukselt,Fazla sulama su israfi ve besin yikanmasi yaratir,SAYISAL,"kapsama 0.95, aralik/deger %8",0.39,veri (sera p5-p95)
EC_slab1,3h,Reference,ZARF,ilkbahar,EC_slab1 < 4.900,4.9,dusuk,Bu seranin normal calisma araliginin altina iniyor,Besin cozeltisi konsantrasyonunu artir,Ani artis kok sokuna yol acabilir,SAYISAL,"kapsama 0.95, aralik/deger %8",0.39,"veri (sera p5-p95, mevsim ici)"
EC_slab1,3h,Reference,ZARF,ilkbahar,EC_slab1 > 7.000,7.0,yuksek,Bu seranin normal calisma araliginin ustune cikiyor,Sulama siklığini artir veya drenaj oranini yukselt,Fazla sulama su israfi ve besin yikanmasi yaratir,SAYISAL,"kapsama 0.95, aralik/deger %8",0.39,"veri (sera p5-p95, mevsim ici)"
EC_slab1,3h,Reference,ZARF,kis,EC_slab1 < 4.800,4.8,dusuk,Bu seranin normal calisma araliginin altina iniyor,Besin cozeltisi konsantrasyonunu artir,Ani artis kok sokuna yol acabilir,SAYISAL,"kapsama 0.95, aralik/deger %8",0.39,"veri (sera p5-p95, mevsim ici)"
EC_slab1,3h,Reference,ZARF,kis,EC_slab1 > 6.100,6.1,yuksek,Bu seranin normal calisma araliginin ustune cikiyor,Sulama siklığini artir veya drenaj oranini yukselt,Fazla sulama su israfi ve besin yikanmasi yaratir,SAYISAL,"kapsama 0.95, aralik/deger %8",0.39,"veri (sera p5-p95, mevsim ici)"
EC_slab1,3h,Reference,ZARF,tumu,EC_slab1 < 4.800,4.8,dusuk,Bu seranin normal calisma araliginin altina iniyor,Besin cozeltisi konsantrasyonunu artir,Ani artis kok sokuna yol acabilir,SAYISAL,"kapsama 0.95, aralik/deger %8",0.39,veri (sera p5-p95)
EC_slab1,3h,Reference,ZARF,tumu,EC_slab1 > 6.500,6.5,yuksek,Bu seranin normal calisma araliginin ustune cikiyor,Sulama siklığini artir veya drenaj oranini yukselt,Fazla sulama su israfi ve besin yikanmasi yaratir,SAYISAL,"kapsama 0.95, aralik/deger %8",0.39,veri (sera p5-p95)
EC_slab1,3h,TUMU,HASAR,tumu,EC_slab1 > 8.0,8.0,yuksek,"Kok bolgesinde ozmotik stres, su alimi engellenir",Sulama siklığini artir veya drenaj oranini yukselt,Fazla sulama su israfi ve besin yikanmasi yaratir,SAYISAL,"kapsama 0.95, aralik/deger %8",0.39,literatur (TASLAK — teyit edilecek)
EC_slab1,3h,TheAutomators,ZARF,ilkbahar,EC_slab1 < 4.700,4.7,dusuk,Bu seranin normal calisma araliginin altina iniyor,Besin cozeltisi konsantrasyonunu artir,Ani artis kok sokuna yol acabilir,SAYISAL,"kapsama 0.95, aralik/deger %8",0.39,"veri (sera p5-p95, mevsim ici)"
EC_slab1,3h,TheAutomators,ZARF,ilkbahar,EC_slab1 > 6.100,6.1,yuksek,Bu seranin normal calisma araliginin ustune cikiyor,Sulama siklığini artir veya drenaj oranini yukselt,Fazla sulama su israfi ve besin yikanmasi yaratir,SAYISAL,"kapsama 0.95, aralik/deger %8",0.39,"veri (sera p5-p95, mevsim ici)"
EC_slab1,3h,TheAutomators,ZARF,kis,EC_slab1 < 4.600,4.6,dusuk,Bu seranin normal calisma araliginin altina iniyor,Besin cozeltisi konsantrasyonunu artir,Ani artis kok sokuna yol acabilir,SAYISAL,"kapsama 0.95, aralik/deger %8",0.39,"veri (sera p5-p95, mevsim ici)"
EC_slab1,3h,TheAutomators,ZARF,kis,EC_slab1 > 6.000,6.0,yuksek,Bu seranin normal calisma araliginin ustune cikiyor,Sulama siklığini artir veya drenaj oranini yukselt,Fazla sulama su israfi ve besin yikanmasi yaratir,SAYISAL,"kapsama 0.95, aralik/deger %8",0.39,"veri (sera p5-p95, mevsim ici)"
EC_slab1,3h,TheAutomators,ZARF,tumu,EC_slab1 < 4.600,4.6,dusuk,Bu seranin normal calisma araliginin altina iniyor,Besin cozeltisi konsantrasyonunu artir,Ani artis kok sokuna yol acabilir,SAYISAL,"kapsama 0.95, aralik/deger %8",0.39,veri (sera p5-p95)
EC_slab1,3h,TheAutomators,ZARF,tumu,EC_slab1 > 6.000,6.0,yuksek,Bu seranin normal calisma araliginin ustune cikiyor,Sulama siklığini artir veya drenaj oranini yukselt,Fazla sulama su israfi ve besin yikanmasi yaratir,SAYISAL,"kapsama 0.95, aralik/deger %8",0.39,veri (sera p5-p95)
EC_slab1,6h,AICU,ZARF,ilkbahar,EC_slab1 < 4.300,4.3,dusuk,Bu seranin normal calisma araliginin altina iniyor,Besin cozeltisi konsantrasyonunu artir,Ani artis kok sokuna yol acabilir,SAYISAL,"kapsama 0.98, aralik/deger %12",0.609,"veri (sera p5-p95, mevsim ici)"
EC_slab1,6h,AICU,ZARF,ilkbahar,EC_slab1 > 5.600,5.6,yuksek,Bu seranin normal calisma araliginin ustune cikiyor,Sulama siklığini artir veya drenaj oranini yukselt,Fazla sulama su israfi ve besin yikanmasi yaratir,SAYISAL,"kapsama 0.98, aralik/deger %12",0.609,"veri (sera p5-p95, mevsim ici)"
EC_slab1,6h,AICU,ZARF,kis,EC_slab1 < 3.600,3.6,dusuk,Bu seranin normal calisma araliginin altina iniyor,Besin cozeltisi konsantrasyonunu artir,Ani artis kok sokuna yol acabilir,SAYISAL,"kapsama 0.98, aralik/deger %12",0.609,"veri (sera p5-p95, mevsim ici)"
EC_slab1,6h,AICU,ZARF,kis,EC_slab1 > 5.000,5.0,yuksek,Bu seranin normal calisma araliginin ustune cikiyor,Sulama siklığini artir veya drenaj oranini yukselt,Fazla sulama su israfi ve besin yikanmasi yaratir,SAYISAL,"kapsama 0.98, aralik/deger %12",0.609,"veri (sera p5-p95, mevsim ici)"
EC_slab1,6h,AICU,ZARF,tumu,EC_slab1 < 3.700,3.7,dusuk,Bu seranin normal calisma araliginin altina iniyor,Besin cozeltisi konsantrasyonunu artir,Ani artis kok sokuna yol acabilir,SAYISAL,"kapsama 0.98, aralik/deger %12",0.609,veri (sera p5-p95)
EC_slab1,6h,AICU,ZARF,tumu,EC_slab1 > 5.400,5.4,yuksek,Bu seranin normal calisma araliginin ustune cikiyor,Sulama siklığini artir veya drenaj oranini yukselt,Fazla sulama su israfi ve besin yikanmasi yaratir,SAYISAL,"kapsama 0.98, aralik/deger %12",0.609,veri (sera p5-p95)
EC_slab1,6h,Automatoes,ZARF,ilkbahar,EC_slab1 < 4.400,4.4,dusuk,Bu seranin normal calisma araliginin altina iniyor,Besin cozeltisi konsantrasyonunu artir,Ani artis kok sokuna yol acabilir,SAYISAL,"kapsama 0.98, aralik/deger %12",0.609,"veri (sera p5-p95, mevsim ici)"
EC_slab1,6h,Automatoes,ZARF,ilkbahar,EC_slab1 > 5.600,5.6,yuksek,Bu seranin normal calisma araliginin ustune cikiyor,Sulama siklığini artir veya drenaj oranini yukselt,Fazla sulama su israfi ve besin yikanmasi yaratir,SAYISAL,"kapsama 0.98, aralik/deger %12",0.609,"veri (sera p5-p95, mevsim ici)"
EC_slab1,6h,Automatoes,ZARF,kis,EC_slab1 < 3.700,3.7,dusuk,Bu seranin normal calisma araliginin altina iniyor,Besin cozeltisi konsantrasyonunu artir,Ani artis kok sokuna yol acabilir,SAYISAL,"kapsama 0.98, aralik/deger %12",0.609,"veri (sera p5-p95, mevsim ici)"
EC_slab1,6h,Automatoes,ZARF,kis,EC_slab1 > 5.000,5.0,yuksek,Bu seranin normal calisma araliginin ustune cikiyor,Sulama siklığini artir veya drenaj oranini yukselt,Fazla sulama su israfi ve besin yikanmasi yaratir,SAYISAL,"kapsama 0.98, aralik/deger %12",0.609,"veri (sera p5-p95, mevsim ici)"
EC_slab1,6h,Automatoes,ZARF,tumu,EC_slab1 < 3.700,3.7,dusuk,Bu seranin normal calisma araliginin altina iniyor,Besin cozeltisi konsantrasyonunu artir,Ani artis kok sokuna yol acabilir,SAYISAL,"kapsama 0.98, aralik/deger %12",0.609,veri (sera p5-p95)
EC_slab1,6h,Automatoes,ZARF,tumu,EC_slab1 > 5.500,5.5,yuksek,Bu seranin normal calisma araliginin ustune cikiyor,Sulama siklığini artir veya drenaj oranini yukselt,Fazla sulama su israfi ve besin yikanmasi yaratir,SAYISAL,"kapsama 0.98, aralik/deger %12",0.609,veri (sera p5-p95)
EC_slab1,6h,Digilog,ZARF,ilkbahar,EC_slab1 < 4.500,4.5,dusuk,Bu seranin normal calisma araliginin altina iniyor,Besin cozeltisi konsantrasyonunu artir,Ani artis kok sokuna yol acabilir,SAYISAL,"kapsama 0.98, aralik/deger %12",0.609,"veri (sera p5-p95, mevsim ici)"
EC_slab1,6h,Digilog,ZARF,ilkbahar,EC_slab1 > 7.700,7.7,yuksek,Bu seranin normal calisma araliginin ustune cikiyor,Sulama siklığini artir veya drenaj oranini yukselt,Fazla sulama su israfi ve besin yikanmasi yaratir,SAYISAL,"kapsama 0.98, aralik/deger %12",0.609,"veri (sera p5-p95, mevsim ici)"
EC_slab1,6h,Digilog,ZARF,kis,EC_slab1 < 4.200,4.2,dusuk,Bu seranin normal calisma araliginin altina iniyor,Besin cozeltisi konsantrasyonunu artir,Ani artis kok sokuna yol acabilir,SAYISAL,"kapsama 0.98, aralik/deger %12",0.609,"veri (sera p5-p95, mevsim ici)"
EC_slab1,6h,Digilog,ZARF,kis,EC_slab1 > 6.400,6.4,yuksek,Bu seranin normal calisma araliginin ustune cikiyor,Sulama siklığini artir veya drenaj oranini yukselt,Fazla sulama su israfi ve besin yikanmasi yaratir,SAYISAL,"kapsama 0.98, aralik/deger %12",0.609,"veri (sera p5-p95, mevsim ici)"
EC_slab1,6h,Digilog,ZARF,tumu,EC_slab1 < 4.300,4.3,dusuk,Bu seranin normal calisma araliginin altina iniyor,Besin cozeltisi konsantrasyonunu artir,Ani artis kok sokuna yol acabilir,SAYISAL,"kapsama 0.98, aralik/deger %12",0.609,veri (sera p5-p95)
EC_slab1,6h,Digilog,ZARF,tumu,EC_slab1 > 7.600,7.6,yuksek,Bu seranin normal calisma araliginin ustune cikiyor,Sulama siklığini artir veya drenaj oranini yukselt,Fazla sulama su israfi ve besin yikanmasi yaratir,SAYISAL,"kapsama 0.98, aralik/deger %12",0.609,veri (sera p5-p95)
EC_slab1,6h,IUACAAS,ZARF,ilkbahar,EC_slab1 < 4.500,4.5,dusuk,Bu seranin normal calisma araliginin altina iniyor,Besin cozeltisi konsantrasyonunu artir,Ani artis kok sokuna yol acabilir,SAYISAL,"kapsama 0.98, aralik/deger %12",0.609,"veri (sera p5-p95, mevsim ici)"
EC_slab1,6h,IUACAAS,ZARF,ilkbahar,EC_slab1 > 5.900,5.9,yuksek,Bu seranin normal calisma araliginin ustune cikiyor,Sulama siklığini artir veya drenaj oranini yukselt,Fazla sulama su israfi ve besin yikanmasi yaratir,SAYISAL,"kapsama 0.98, aralik/deger %12",0.609,"veri (sera p5-p95, mevsim ici)"
EC_slab1,6h,IUACAAS,ZARF,kis,EC_slab1 < 4.600,4.6,dusuk,Bu seranin normal calisma araliginin altina iniyor,Besin cozeltisi konsantrasyonunu artir,Ani artis kok sokuna yol acabilir,SAYISAL,"kapsama 0.98, aralik/deger %12",0.609,"veri (sera p5-p95, mevsim ici)"
EC_slab1,6h,IUACAAS,ZARF,kis,EC_slab1 > 5.300,5.3,yuksek,Bu seranin normal calisma araliginin ustune cikiyor,Sulama siklığini artir veya drenaj oranini yukselt,Fazla sulama su israfi ve besin yikanmasi yaratir,SAYISAL,"kapsama 0.98, aralik/deger %12",0.609,"veri (sera p5-p95, mevsim ici)"
EC_slab1,6h,IUACAAS,ZARF,tumu,EC_slab1 < 4.500,4.5,dusuk,Bu seranin normal calisma araliginin altina iniyor,Besin cozeltisi konsantrasyonunu artir,Ani artis kok sokuna yol acabilir,SAYISAL,"kapsama 0.98, aralik/deger %12",0.609,veri (sera p5-p95)
EC_slab1,6h,IUACAAS,ZARF,tumu,EC_slab1 > 5.800,5.8,yuksek,Bu seranin normal calisma araliginin ustune cikiyor,Sulama siklığini artir veya drenaj oranini yukselt,Fazla sulama su israfi ve besin yikanmasi yaratir,SAYISAL,"kapsama 0.98, aralik/deger %12",0.609,veri (sera p5-p95)
EC_slab1,6h,Reference,ZARF,ilkbahar,EC_slab1 < 4.900,4.9,dusuk,Bu seranin normal calisma araliginin altina iniyor,Besin cozeltisi konsantrasyonunu artir,Ani artis kok sokuna yol acabilir,SAYISAL,"kapsama 0.98, aralik/deger %12",0.609,"veri (sera p5-p95, mevsim ici)"
EC_slab1,6h,Reference,ZARF,ilkbahar,EC_slab1 > 7.000,7.0,yuksek,Bu seranin normal calisma araliginin ustune cikiyor,Sulama siklığini artir veya drenaj oranini yukselt,Fazla sulama su israfi ve besin yikanmasi yaratir,SAYISAL,"kapsama 0.98, aralik/deger %12",0.609,"veri (sera p5-p95, mevsim ici)"
EC_slab1,6h,Reference,ZARF,kis,EC_slab1 < 4.800,4.8,dusuk,Bu seranin normal calisma araliginin altina iniyor,Besin cozeltisi konsantrasyonunu artir,Ani artis kok sokuna yol acabilir,SAYISAL,"kapsama 0.98, aralik/deger %12",0.609,"veri (sera p5-p95, mevsim ici)"
EC_slab1,6h,Reference,ZARF,kis,EC_slab1 > 6.100,6.1,yuksek,Bu seranin normal calisma araliginin ustune cikiyor,Sulama siklığini artir veya drenaj oranini yukselt,Fazla sulama su israfi ve besin yikanmasi yaratir,SAYISAL,"kapsama 0.98, aralik/deger %12",0.609,"veri (sera p5-p95, mevsim ici)"
EC_slab1,6h,Reference,ZARF,tumu,EC_slab1 < 4.800,4.8,dusuk,Bu seranin normal calisma araliginin altina iniyor,Besin cozeltisi konsantrasyonunu artir,Ani artis kok sokuna yol acabilir,SAYISAL,"kapsama 0.98, aralik/deger %12",0.609,veri (sera p5-p95)
EC_slab1,6h,Reference,ZARF,tumu,EC_slab1 > 6.500,6.5,yuksek,Bu seranin normal calisma araliginin ustune cikiyor,Sulama siklığini artir veya drenaj oranini yukselt,Fazla sulama su israfi ve besin yikanmasi yaratir,SAYISAL,"kapsama 0.98, aralik/deger %12",0.609,veri (sera p5-p95)
EC_slab1,6h,TUMU,HASAR,tumu,EC_slab1 > 8.0,8.0,yuksek,"Kok bolgesinde ozmotik stres, su alimi engellenir",Sulama siklığini artir veya drenaj oranini yukselt,Fazla sulama su israfi ve besin yikanmasi yaratir,SAYISAL,"kapsama 0.98, aralik/deger %12",0.609,literatur (TASLAK — teyit edilecek)
EC_slab1,6h,TheAutomators,ZARF,ilkbahar,EC_slab1 < 4.700,4.7,dusuk,Bu seranin normal calisma araliginin altina iniyor,Besin cozeltisi konsantrasyonunu artir,Ani artis kok sokuna yol acabilir,SAYISAL,"kapsama 0.98, aralik/deger %12",0.609,"veri (sera p5-p95, mevsim ici)"
EC_slab1,6h,TheAutomators,ZARF,ilkbahar,EC_slab1 > 6.100,6.1,yuksek,Bu seranin normal calisma araliginin ustune cikiyor,Sulama siklığini artir veya drenaj oranini yukselt,Fazla sulama su israfi ve besin yikanmasi yaratir,SAYISAL,"kapsama 0.98, aralik/deger %12",0.609,"veri (sera p5-p95, mevsim ici)"
EC_slab1,6h,TheAutomators,ZARF,kis,EC_slab1 < 4.600,4.6,dusuk,Bu seranin normal calisma araliginin altina iniyor,Besin cozeltisi konsantrasyonunu artir,Ani artis kok sokuna yol acabilir,SAYISAL,"kapsama 0.98, aralik/deger %12",0.609,"veri (sera p5-p95, mevsim ici)"
EC_slab1,6h,TheAutomators,ZARF,kis,EC_slab1 > 6.000,6.0,yuksek,Bu seranin normal calisma araliginin ustune cikiyor,Sulama siklığini artir veya drenaj oranini yukselt,Fazla sulama su israfi ve besin yikanmasi yaratir,SAYISAL,"kapsama 0.98, aralik/deger %12",0.609,"veri (sera p5-p95, mevsim ici)"
EC_slab1,6h,TheAutomators,ZARF,tumu,EC_slab1 < 4.600,4.6,dusuk,Bu seranin normal calisma araliginin altina iniyor,Besin cozeltisi konsantrasyonunu artir,Ani artis kok sokuna yol acabilir,SAYISAL,"kapsama 0.98, aralik/deger %12",0.609,veri (sera p5-p95)
EC_slab1,6h,TheAutomators,ZARF,tumu,EC_slab1 > 6.000,6.0,yuksek,Bu seranin normal calisma araliginin ustune cikiyor,Sulama siklığini artir veya drenaj oranini yukselt,Fazla sulama su israfi ve besin yikanmasi yaratir,SAYISAL,"kapsama 0.98, aralik/deger %12",0.609,veri (sera p5-p95)
EC_slab2,3h,AICU,ZARF,ilkbahar,EC_slab2 < 4.400,4.4,dusuk,Bu seranin normal calisma araliginin altina iniyor,Besin cozeltisi konsantrasyonunu artir,Ani artis kok sokuna yol acabilir,SAYISAL,"kapsama 0.94, aralik/deger %9",0.452,"veri (sera p5-p95, mevsim ici)"
EC_slab2,3h,AICU,ZARF,ilkbahar,EC_slab2 > 5.800,5.8,yuksek,Bu seranin normal calisma araliginin ustune cikiyor,Sulama siklığini artir veya drenaj oranini yukselt,Fazla sulama su israfi ve besin yikanmasi yaratir,SAYISAL,"kapsama 0.94, aralik/deger %9",0.452,"veri (sera p5-p95, mevsim ici)"
EC_slab2,3h,AICU,ZARF,kis,EC_slab2 < 4.900,4.9,dusuk,Bu seranin normal calisma araliginin altina iniyor,Besin cozeltisi konsantrasyonunu artir,Ani artis kok sokuna yol acabilir,SAYISAL,"kapsama 0.94, aralik/deger %9",0.452,"veri (sera p5-p95, mevsim ici)"
EC_slab2,3h,AICU,ZARF,kis,EC_slab2 > 6.100,6.1,yuksek,Bu seranin normal calisma araliginin ustune cikiyor,Sulama siklığini artir veya drenaj oranini yukselt,Fazla sulama su israfi ve besin yikanmasi yaratir,SAYISAL,"kapsama 0.94, aralik/deger %9",0.452,"veri (sera p5-p95, mevsim ici)"
EC_slab2,3h,AICU,ZARF,tumu,EC_slab2 < 4.600,4.6,dusuk,Bu seranin normal calisma araliginin altina iniyor,Besin cozeltisi konsantrasyonunu artir,Ani artis kok sokuna yol acabilir,SAYISAL,"kapsama 0.94, aralik/deger %9",0.452,veri (sera p5-p95)
EC_slab2,3h,AICU,ZARF,tumu,EC_slab2 > 6.000,6.0,yuksek,Bu seranin normal calisma araliginin ustune cikiyor,Sulama siklığini artir veya drenaj oranini yukselt,Fazla sulama su israfi ve besin yikanmasi yaratir,SAYISAL,"kapsama 0.94, aralik/deger %9",0.452,veri (sera p5-p95)
EC_slab2,3h,Automatoes,ZARF,ilkbahar,EC_slab2 < 4.600,4.6,dusuk,Bu seranin normal calisma araliginin altina iniyor,Besin cozeltisi konsantrasyonunu artir,Ani artis kok sokuna yol acabilir,SAYISAL,"kapsama 0.94, aralik/deger %9",0.452,"veri (sera p5-p95, mevsim ici)"
EC_slab2,3h,Automatoes,ZARF,ilkbahar,EC_slab2 > 5.700,5.7,yuksek,Bu seranin normal calisma araliginin ustune cikiyor,Sulama siklığini artir veya drenaj oranini yukselt,Fazla sulama su israfi ve besin yikanmasi yaratir,SAYISAL,"kapsama 0.94, aralik/deger %9",0.452,"veri (sera p5-p95, mevsim ici)"
EC_slab2,3h,Automatoes,ZARF,kis,EC_slab2 < 3.800,3.8,dusuk,Bu seranin normal calisma araliginin altina iniyor,Besin cozeltisi konsantrasyonunu artir,Ani artis kok sokuna yol acabilir,SAYISAL,"kapsama 0.94, aralik/deger %9",0.452,"veri (sera p5-p95, mevsim ici)"
EC_slab2,3h,Automatoes,ZARF,kis,EC_slab2 > 5.000,5.0,yuksek,Bu seranin normal calisma araliginin ustune cikiyor,Sulama siklığini artir veya drenaj oranini yukselt,Fazla sulama su israfi ve besin yikanmasi yaratir,SAYISAL,"kapsama 0.94, aralik/deger %9",0.452,"veri (sera p5-p95, mevsim ici)"
EC_slab2,3h,Automatoes,ZARF,tumu,EC_slab2 < 3.900,3.9,dusuk,Bu seranin normal calisma araliginin altina iniyor,Besin cozeltisi konsantrasyonunu artir,Ani artis kok sokuna yol acabilir,SAYISAL,"kapsama 0.94, aralik/deger %9",0.452,veri (sera p5-p95)
EC_slab2,3h,Automatoes,ZARF,tumu,EC_slab2 > 5.600,5.6,yuksek,Bu seranin normal calisma araliginin ustune cikiyor,Sulama siklığini artir veya drenaj oranini yukselt,Fazla sulama su israfi ve besin yikanmasi yaratir,SAYISAL,"kapsama 0.94, aralik/deger %9",0.452,veri (sera p5-p95)
EC_slab2,3h,Digilog,ZARF,ilkbahar,EC_slab2 < 4.400,4.4,dusuk,Bu seranin normal calisma araliginin altina iniyor,Besin cozeltisi konsantrasyonunu artir,Ani artis kok sokuna yol acabilir,SAYISAL,"kapsama 0.94, aralik/deger %9",0.452,"veri (sera p5-p95, mevsim ici)"
EC_slab2,3h,Digilog,ZARF,ilkbahar,EC_slab2 > 8.100,8.1,yuksek,Bu seranin normal calisma araliginin ustune cikiyor,Sulama siklığini artir veya drenaj oranini yukselt,Fazla sulama su israfi ve besin yikanmasi yaratir,SAYISAL,"kapsama 0.94, aralik/deger %9",0.452,"veri (sera p5-p95, mevsim ici)"
EC_slab2,3h,Digilog,ZARF,kis,EC_slab2 < 4.300,4.3,dusuk,Bu seranin normal calisma araliginin altina iniyor,Besin cozeltisi konsantrasyonunu artir,Ani artis kok sokuna yol acabilir,SAYISAL,"kapsama 0.94, aralik/deger %9",0.452,"veri (sera p5-p95, mevsim ici)"
EC_slab2,3h,Digilog,ZARF,kis,EC_slab2 > 6.700,6.7,yuksek,Bu seranin normal calisma araliginin ustune cikiyor,Sulama siklığini artir veya drenaj oranini yukselt,Fazla sulama su israfi ve besin yikanmasi yaratir,SAYISAL,"kapsama 0.94, aralik/deger %9",0.452,"veri (sera p5-p95, mevsim ici)"
EC_slab2,3h,Digilog,ZARF,tumu,EC_slab2 < 4.300,4.3,dusuk,Bu seranin normal calisma araliginin altina iniyor,Besin cozeltisi konsantrasyonunu artir,Ani artis kok sokuna yol acabilir,SAYISAL,"kapsama 0.94, aralik/deger %9",0.452,veri (sera p5-p95)
EC_slab2,3h,Digilog,ZARF,tumu,EC_slab2 > 7.900,7.9,yuksek,Bu seranin normal calisma araliginin ustune cikiyor,Sulama siklığini artir veya drenaj oranini yukselt,Fazla sulama su israfi ve besin yikanmasi yaratir,SAYISAL,"kapsama 0.94, aralik/deger %9",0.452,veri (sera p5-p95)
EC_slab2,3h,IUACAAS,ZARF,ilkbahar,EC_slab2 < 4.600,4.6,dusuk,Bu seranin normal calisma araliginin altina iniyor,Besin cozeltisi konsantrasyonunu artir,Ani artis kok sokuna yol acabilir,SAYISAL,"kapsama 0.94, aralik/deger %9",0.452,"veri (sera p5-p95, mevsim ici)"
EC_slab2,3h,IUACAAS,ZARF,ilkbahar,EC_slab2 > 6.100,6.1,yuksek,Bu seranin normal calisma araliginin ustune cikiyor,Sulama siklığini artir veya drenaj oranini yukselt,Fazla sulama su israfi ve besin yikanmasi yaratir,SAYISAL,"kapsama 0.94, aralik/deger %9",0.452,"veri (sera p5-p95, mevsim ici)"
EC_slab2,3h,IUACAAS,ZARF,kis,EC_slab2 < 4.800,4.8,dusuk,Bu seranin normal calisma araliginin altina iniyor,Besin cozeltisi konsantrasyonunu artir,Ani artis kok sokuna yol acabilir,SAYISAL,"kapsama 0.94, aralik/deger %9",0.452,"veri (sera p5-p95, mevsim ici)"
EC_slab2,3h,IUACAAS,ZARF,kis,EC_slab2 > 5.700,5.7,yuksek,Bu seranin normal calisma araliginin ustune cikiyor,Sulama siklığini artir veya drenaj oranini yukselt,Fazla sulama su israfi ve besin yikanmasi yaratir,SAYISAL,"kapsama 0.94, aralik/deger %9",0.452,"veri (sera p5-p95, mevsim ici)"
EC_slab2,3h,IUACAAS,ZARF,tumu,EC_slab2 < 4.700,4.7,dusuk,Bu seranin normal calisma araliginin altina iniyor,Besin cozeltisi konsantrasyonunu artir,Ani artis kok sokuna yol acabilir,SAYISAL,"kapsama 0.94, aralik/deger %9",0.452,veri (sera p5-p95)
EC_slab2,3h,IUACAAS,ZARF,tumu,EC_slab2 > 5.900,5.9,yuksek,Bu seranin normal calisma araliginin ustune cikiyor,Sulama siklığini artir veya drenaj oranini yukselt,Fazla sulama su israfi ve besin yikanmasi yaratir,SAYISAL,"kapsama 0.94, aralik/deger %9",0.452,veri (sera p5-p95)
EC_slab2,3h,Reference,ZARF,ilkbahar,EC_slab2 < 4.900,4.9,dusuk,Bu seranin normal calisma araliginin altina iniyor,Besin cozeltisi konsantrasyonunu artir,Ani artis kok sokuna yol acabilir,SAYISAL,"kapsama 0.94, aralik/deger %9",0.452,"veri (sera p5-p95, mevsim ici)"
EC_slab2,3h,Reference,ZARF,ilkbahar,EC_slab2 > 7.500,7.5,yuksek,Bu seranin normal calisma araliginin ustune cikiyor,Sulama siklığini artir veya drenaj oranini yukselt,Fazla sulama su israfi ve besin yikanmasi yaratir,SAYISAL,"kapsama 0.94, aralik/deger %9",0.452,"veri (sera p5-p95, mevsim ici)"
EC_slab2,3h,Reference,ZARF,kis,EC_slab2 < 4.500,4.5,dusuk,Bu seranin normal calisma araliginin altina iniyor,Besin cozeltisi konsantrasyonunu artir,Ani artis kok sokuna yol acabilir,SAYISAL,"kapsama 0.94, aralik/deger %9",0.452,"veri (sera p5-p95, mevsim ici)"
EC_slab2,3h,Reference,ZARF,kis,EC_slab2 > 6.400,6.4,yuksek,Bu seranin normal calisma araliginin ustune cikiyor,Sulama siklığini artir veya drenaj oranini yukselt,Fazla sulama su israfi ve besin yikanmasi yaratir,SAYISAL,"kapsama 0.94, aralik/deger %9",0.452,"veri (sera p5-p95, mevsim ici)"
EC_slab2,3h,Reference,ZARF,tumu,EC_slab2 < 4.700,4.7,dusuk,Bu seranin normal calisma araliginin altina iniyor,Besin cozeltisi konsantrasyonunu artir,Ani artis kok sokuna yol acabilir,SAYISAL,"kapsama 0.94, aralik/deger %9",0.452,veri (sera p5-p95)
EC_slab2,3h,Reference,ZARF,tumu,EC_slab2 > 6.600,6.6,yuksek,Bu seranin normal calisma araliginin ustune cikiyor,Sulama siklığini artir veya drenaj oranini yukselt,Fazla sulama su israfi ve besin yikanmasi yaratir,SAYISAL,"kapsama 0.94, aralik/deger %9",0.452,veri (sera p5-p95)
EC_slab2,3h,TUMU,HASAR,tumu,EC_slab2 > 8.0,8.0,yuksek,"Kok bolgesinde ozmotik stres, su alimi engellenir",Sulama siklığini artir veya drenaj oranini yukselt,Fazla sulama su israfi ve besin yikanmasi yaratir,SAYISAL,"kapsama 0.94, aralik/deger %9",0.452,literatur (TASLAK — teyit edilecek)
EC_slab2,3h,TheAutomators,ZARF,ilkbahar,EC_slab2 < 4.200,4.2,dusuk,Bu seranin normal calisma araliginin altina iniyor,Besin cozeltisi konsantrasyonunu artir,Ani artis kok sokuna yol acabilir,SAYISAL,"kapsama 0.94, aralik/deger %9",0.452,"veri (sera p5-p95, mevsim ici)"
EC_slab2,3h,TheAutomators,ZARF,ilkbahar,EC_slab2 > 5.600,5.6,yuksek,Bu seranin normal calisma araliginin ustune cikiyor,Sulama siklığini artir veya drenaj oranini yukselt,Fazla sulama su israfi ve besin yikanmasi yaratir,SAYISAL,"kapsama 0.94, aralik/deger %9",0.452,"veri (sera p5-p95, mevsim ici)"
EC_slab2,3h,TheAutomators,ZARF,kis,EC_slab2 < 4.200,4.2,dusuk,Bu seranin normal calisma araliginin altina iniyor,Besin cozeltisi konsantrasyonunu artir,Ani artis kok sokuna yol acabilir,SAYISAL,"kapsama 0.94, aralik/deger %9",0.452,"veri (sera p5-p95, mevsim ici)"
EC_slab2,3h,TheAutomators,ZARF,kis,EC_slab2 > 5.000,5.0,yuksek,Bu seranin normal calisma araliginin ustune cikiyor,Sulama siklığini artir veya drenaj oranini yukselt,Fazla sulama su israfi ve besin yikanmasi yaratir,SAYISAL,"kapsama 0.94, aralik/deger %9",0.452,"veri (sera p5-p95, mevsim ici)"
EC_slab2,3h,TheAutomators,ZARF,tumu,EC_slab2 < 4.200,4.2,dusuk,Bu seranin normal calisma araliginin altina iniyor,Besin cozeltisi konsantrasyonunu artir,Ani artis kok sokuna yol acabilir,SAYISAL,"kapsama 0.94, aralik/deger %9",0.452,veri (sera p5-p95)
EC_slab2,3h,TheAutomators,ZARF,tumu,EC_slab2 > 5.500,5.5,yuksek,Bu seranin normal calisma araliginin ustune cikiyor,Sulama siklığini artir veya drenaj oranini yukselt,Fazla sulama su israfi ve besin yikanmasi yaratir,SAYISAL,"kapsama 0.94, aralik/deger %9",0.452,veri (sera p5-p95)
EC_slab2,6h,AICU,ZARF,ilkbahar,EC_slab2 < 4.400,4.4,dusuk,Bu seranin normal calisma araliginin altina iniyor,Besin cozeltisi konsantrasyonunu artir,Ani artis kok sokuna yol acabilir,SAYISAL,"kapsama 0.99, aralik/deger %17",0.864,"veri (sera p5-p95, mevsim ici)"
EC_slab2,6h,AICU,ZARF,ilkbahar,EC_slab2 > 5.800,5.8,yuksek,Bu seranin normal calisma araliginin ustune cikiyor,Sulama siklığini artir veya drenaj oranini yukselt,Fazla sulama su israfi ve besin yikanmasi yaratir,SAYISAL,"kapsama 0.99, aralik/deger %17",0.864,"veri (sera p5-p95, mevsim ici)"
EC_slab2,6h,AICU,ZARF,kis,EC_slab2 < 4.900,4.9,dusuk,Bu seranin normal calisma araliginin altina iniyor,Besin cozeltisi konsantrasyonunu artir,Ani artis kok sokuna yol acabilir,SAYISAL,"kapsama 0.99, aralik/deger %17",0.864,"veri (sera p5-p95, mevsim ici)"
EC_slab2,6h,AICU,ZARF,kis,EC_slab2 > 6.100,6.1,yuksek,Bu seranin normal calisma araliginin ustune cikiyor,Sulama siklığini artir veya drenaj oranini yukselt,Fazla sulama su israfi ve besin yikanmasi yaratir,SAYISAL,"kapsama 0.99, aralik/deger %17",0.864,"veri (sera p5-p95, mevsim ici)"
EC_slab2,6h,AICU,ZARF,tumu,EC_slab2 < 4.600,4.6,dusuk,Bu seranin normal calisma araliginin altina iniyor,Besin cozeltisi konsantrasyonunu artir,Ani artis kok sokuna yol acabilir,SAYISAL,"kapsama 0.99, aralik/deger %17",0.864,veri (sera p5-p95)
EC_slab2,6h,AICU,ZARF,tumu,EC_slab2 > 6.000,6.0,yuksek,Bu seranin normal calisma araliginin ustune cikiyor,Sulama siklığini artir veya drenaj oranini yukselt,Fazla sulama su israfi ve besin yikanmasi yaratir,SAYISAL,"kapsama 0.99, aralik/deger %17",0.864,veri (sera p5-p95)
EC_slab2,6h,Automatoes,ZARF,ilkbahar,EC_slab2 < 4.600,4.6,dusuk,Bu seranin normal calisma araliginin altina iniyor,Besin cozeltisi konsantrasyonunu artir,Ani artis kok sokuna yol acabilir,SAYISAL,"kapsama 0.99, aralik/deger %17",0.864,"veri (sera p5-p95, mevsim ici)"
EC_slab2,6h,Automatoes,ZARF,ilkbahar,EC_slab2 > 5.700,5.7,yuksek,Bu seranin normal calisma araliginin ustune cikiyor,Sulama siklığini artir veya drenaj oranini yukselt,Fazla sulama su israfi ve besin yikanmasi yaratir,SAYISAL,"kapsama 0.99, aralik/deger %17",0.864,"veri (sera p5-p95, mevsim ici)"
EC_slab2,6h,Automatoes,ZARF,kis,EC_slab2 < 3.800,3.8,dusuk,Bu seranin normal calisma araliginin altina iniyor,Besin cozeltisi konsantrasyonunu artir,Ani artis kok sokuna yol acabilir,SAYISAL,"kapsama 0.99, aralik/deger %17",0.864,"veri (sera p5-p95, mevsim ici)"
EC_slab2,6h,Automatoes,ZARF,kis,EC_slab2 > 5.000,5.0,yuksek,Bu seranin normal calisma araliginin ustune cikiyor,Sulama siklığini artir veya drenaj oranini yukselt,Fazla sulama su israfi ve besin yikanmasi yaratir,SAYISAL,"kapsama 0.99, aralik/deger %17",0.864,"veri (sera p5-p95, mevsim ici)"
EC_slab2,6h,Automatoes,ZARF,tumu,EC_slab2 < 3.900,3.9,dusuk,Bu seranin normal calisma araliginin altina iniyor,Besin cozeltisi konsantrasyonunu artir,Ani artis kok sokuna yol acabilir,SAYISAL,"kapsama 0.99, aralik/deger %17",0.864,veri (sera p5-p95)
EC_slab2,6h,Automatoes,ZARF,tumu,EC_slab2 > 5.600,5.6,yuksek,Bu seranin normal calisma araliginin ustune cikiyor,Sulama siklığini artir veya drenaj oranini yukselt,Fazla sulama su israfi ve besin yikanmasi yaratir,SAYISAL,"kapsama 0.99, aralik/deger %17",0.864,veri (sera p5-p95)
EC_slab2,6h,Digilog,ZARF,ilkbahar,EC_slab2 < 4.400,4.4,dusuk,Bu seranin normal calisma araliginin altina iniyor,Besin cozeltisi konsantrasyonunu artir,Ani artis kok sokuna yol acabilir,SAYISAL,"kapsama 0.99, aralik/deger %17",0.864,"veri (sera p5-p95, mevsim ici)"
EC_slab2,6h,Digilog,ZARF,ilkbahar,EC_slab2 > 8.100,8.1,yuksek,Bu seranin normal calisma araliginin ustune cikiyor,Sulama siklığini artir veya drenaj oranini yukselt,Fazla sulama su israfi ve besin yikanmasi yaratir,SAYISAL,"kapsama 0.99, aralik/deger %17",0.864,"veri (sera p5-p95, mevsim ici)"
EC_slab2,6h,Digilog,ZARF,kis,EC_slab2 < 4.300,4.3,dusuk,Bu seranin normal calisma araliginin altina iniyor,Besin cozeltisi konsantrasyonunu artir,Ani artis kok sokuna yol acabilir,SAYISAL,"kapsama 0.99, aralik/deger %17",0.864,"veri (sera p5-p95, mevsim ici)"
EC_slab2,6h,Digilog,ZARF,kis,EC_slab2 > 6.700,6.7,yuksek,Bu seranin normal calisma araliginin ustune cikiyor,Sulama siklığini artir veya drenaj oranini yukselt,Fazla sulama su israfi ve besin yikanmasi yaratir,SAYISAL,"kapsama 0.99, aralik/deger %17",0.864,"veri (sera p5-p95, mevsim ici)"
EC_slab2,6h,Digilog,ZARF,tumu,EC_slab2 < 4.300,4.3,dusuk,Bu seranin normal calisma araliginin altina iniyor,Besin cozeltisi konsantrasyonunu artir,Ani artis kok sokuna yol acabilir,SAYISAL,"kapsama 0.99, aralik/deger %17",0.864,veri (sera p5-p95)
EC_slab2,6h,Digilog,ZARF,tumu,EC_slab2 > 7.900,7.9,yuksek,Bu seranin normal calisma araliginin ustune cikiyor,Sulama siklığini artir veya drenaj oranini yukselt,Fazla sulama su israfi ve besin yikanmasi yaratir,SAYISAL,"kapsama 0.99, aralik/deger %17",0.864,veri (sera p5-p95)
EC_slab2,6h,IUACAAS,ZARF,ilkbahar,EC_slab2 < 4.600,4.6,dusuk,Bu seranin normal calisma araliginin altina iniyor,Besin cozeltisi konsantrasyonunu artir,Ani artis kok sokuna yol acabilir,SAYISAL,"kapsama 0.99, aralik/deger %17",0.864,"veri (sera p5-p95, mevsim ici)"
EC_slab2,6h,IUACAAS,ZARF,ilkbahar,EC_slab2 > 6.100,6.1,yuksek,Bu seranin normal calisma araliginin ustune cikiyor,Sulama siklığini artir veya drenaj oranini yukselt,Fazla sulama su israfi ve besin yikanmasi yaratir,SAYISAL,"kapsama 0.99, aralik/deger %17",0.864,"veri (sera p5-p95, mevsim ici)"
EC_slab2,6h,IUACAAS,ZARF,kis,EC_slab2 < 4.800,4.8,dusuk,Bu seranin normal calisma araliginin altina iniyor,Besin cozeltisi konsantrasyonunu artir,Ani artis kok sokuna yol acabilir,SAYISAL,"kapsama 0.99, aralik/deger %17",0.864,"veri (sera p5-p95, mevsim ici)"
EC_slab2,6h,IUACAAS,ZARF,kis,EC_slab2 > 5.700,5.7,yuksek,Bu seranin normal calisma araliginin ustune cikiyor,Sulama siklığini artir veya drenaj oranini yukselt,Fazla sulama su israfi ve besin yikanmasi yaratir,SAYISAL,"kapsama 0.99, aralik/deger %17",0.864,"veri (sera p5-p95, mevsim ici)"
EC_slab2,6h,IUACAAS,ZARF,tumu,EC_slab2 < 4.700,4.7,dusuk,Bu seranin normal calisma araliginin altina iniyor,Besin cozeltisi konsantrasyonunu artir,Ani artis kok sokuna yol acabilir,SAYISAL,"kapsama 0.99, aralik/deger %17",0.864,veri (sera p5-p95)
EC_slab2,6h,IUACAAS,ZARF,tumu,EC_slab2 > 5.900,5.9,yuksek,Bu seranin normal calisma araliginin ustune cikiyor,Sulama siklığini artir veya drenaj oranini yukselt,Fazla sulama su israfi ve besin yikanmasi yaratir,SAYISAL,"kapsama 0.99, aralik/deger %17",0.864,veri (sera p5-p95)
EC_slab2,6h,Reference,ZARF,ilkbahar,EC_slab2 < 4.900,4.9,dusuk,Bu seranin normal calisma araliginin altina iniyor,Besin cozeltisi konsantrasyonunu artir,Ani artis kok sokuna yol acabilir,SAYISAL,"kapsama 0.99, aralik/deger %17",0.864,"veri (sera p5-p95, mevsim ici)"
EC_slab2,6h,Reference,ZARF,ilkbahar,EC_slab2 > 7.500,7.5,yuksek,Bu seranin normal calisma araliginin ustune cikiyor,Sulama siklığini artir veya drenaj oranini yukselt,Fazla sulama su israfi ve besin yikanmasi yaratir,SAYISAL,"kapsama 0.99, aralik/deger %17",0.864,"veri (sera p5-p95, mevsim ici)"
EC_slab2,6h,Reference,ZARF,kis,EC_slab2 < 4.500,4.5,dusuk,Bu seranin normal calisma araliginin altina iniyor,Besin cozeltisi konsantrasyonunu artir,Ani artis kok sokuna yol acabilir,SAYISAL,"kapsama 0.99, aralik/deger %17",0.864,"veri (sera p5-p95, mevsim ici)"
EC_slab2,6h,Reference,ZARF,kis,EC_slab2 > 6.400,6.4,yuksek,Bu seranin normal calisma araliginin ustune cikiyor,Sulama siklığini artir veya drenaj oranini yukselt,Fazla sulama su israfi ve besin yikanmasi yaratir,SAYISAL,"kapsama 0.99, aralik/deger %17",0.864,"veri (sera p5-p95, mevsim ici)"
EC_slab2,6h,Reference,ZARF,tumu,EC_slab2 < 4.700,4.7,dusuk,Bu seranin normal calisma araliginin altina iniyor,Besin cozeltisi konsantrasyonunu artir,Ani artis kok sokuna yol acabilir,SAYISAL,"kapsama 0.99, aralik/deger %17",0.864,veri (sera p5-p95)
EC_slab2,6h,Reference,ZARF,tumu,EC_slab2 > 6.600,6.6,yuksek,Bu seranin normal calisma araliginin ustune cikiyor,Sulama siklığini artir veya drenaj oranini yukselt,Fazla sulama su israfi ve besin yikanmasi yaratir,SAYISAL,"kapsama 0.99, aralik/deger %17",0.864,veri (sera p5-p95)
EC_slab2,6h,TUMU,HASAR,tumu,EC_slab2 > 8.0,8.0,yuksek,"Kok bolgesinde ozmotik stres, su alimi engellenir",Sulama siklığini artir veya drenaj oranini yukselt,Fazla sulama su israfi ve besin yikanmasi yaratir,SAYISAL,"kapsama 0.99, aralik/deger %17",0.864,literatur (TASLAK — teyit edilecek)
EC_slab2,6h,TheAutomators,ZARF,ilkbahar,EC_slab2 < 4.200,4.2,dusuk,Bu seranin normal calisma araliginin altina iniyor,Besin cozeltisi konsantrasyonunu artir,Ani artis kok sokuna yol acabilir,SAYISAL,"kapsama 0.99, aralik/deger %17",0.864,"veri (sera p5-p95, mevsim ici)"
EC_slab2,6h,TheAutomators,ZARF,ilkbahar,EC_slab2 > 5.600,5.6,yuksek,Bu seranin normal calisma araliginin ustune cikiyor,Sulama siklığini artir veya drenaj oranini yukselt,Fazla sulama su israfi ve besin yikanmasi yaratir,SAYISAL,"kapsama 0.99, aralik/deger %17",0.864,"veri (sera p5-p95, mevsim ici)"
EC_slab2,6h,TheAutomators,ZARF,kis,EC_slab2 < 4.200,4.2,dusuk,Bu seranin normal calisma araliginin altina iniyor,Besin cozeltisi konsantrasyonunu artir,Ani artis kok sokuna yol acabilir,SAYISAL,"kapsama 0.99, aralik/deger %17",0.864,"veri (sera p5-p95, mevsim ici)"
EC_slab2,6h,TheAutomators,ZARF,kis,EC_slab2 > 5.000,5.0,yuksek,Bu seranin normal calisma araliginin ustune cikiyor,Sulama siklığini artir veya drenaj oranini yukselt,Fazla sulama su israfi ve besin yikanmasi yaratir,SAYISAL,"kapsama 0.99, aralik/deger %17",0.864,"veri (sera p5-p95, mevsim ici)"
EC_slab2,6h,TheAutomators,ZARF,tumu,EC_slab2 < 4.200,4.2,dusuk,Bu seranin normal calisma araliginin altina iniyor,Besin cozeltisi konsantrasyonunu artir,Ani artis kok sokuna yol acabilir,SAYISAL,"kapsama 0.99, aralik/deger %17",0.864,veri (sera p5-p95)
EC_slab2,6h,TheAutomators,ZARF,tumu,EC_slab2 > 5.500,5.5,yuksek,Bu seranin normal calisma araliginin ustune cikiyor,Sulama siklığini artir veya drenaj oranini yukselt,Fazla sulama su israfi ve besin yikanmasi yaratir,SAYISAL,"kapsama 0.99, aralik/deger %17",0.864,veri (sera p5-p95)
HumDef,3h,AICU,ZARF,ilkbahar,HumDef < 0.800,0.8,dusuk,Bu seranin normal calisma araliginin altina iniyor,Havalandirma veya isitma ile nem acigini yukselt,Ikisi de enerji maliyeti yaratir,KALITATIF,"backtest_kaniti: sureli-pencere precision=0.749 (kalibrasyon testi KAPSAM_DISI derken, gercek geriye-donuk performans KALITATIF seviyesini destekliyor)",11.01,"veri (sera p5-p95, mevsim ici)"
HumDef,3h,AICU,ZARF,ilkbahar,HumDef > 8.900,8.9,yuksek,Bu seranin normal calisma araliginin ustune cikiyor,Nemlendirme veya havalandirmayi azalt,Yuksek nem mantar riskini artirir,KALITATIF,"backtest_kaniti: sureli-pencere precision=0.749 (kalibrasyon testi KAPSAM_DISI derken, gercek geriye-donuk performans KALITATIF seviyesini destekliyor)",11.01,"veri (sera p5-p95, mevsim ici)"
HumDef,3h,AICU,ZARF,kis,HumDef < 1.000,1.0,dusuk,Bu seranin normal calisma araliginin altina iniyor,Havalandirma veya isitma ile nem acigini yukselt,Ikisi de enerji maliyeti yaratir,KALITATIF,"backtest_kaniti: sureli-pencere precision=0.749 (kalibrasyon testi KAPSAM_DISI derken, gercek geriye-donuk performans KALITATIF seviyesini destekliyor)",11.01,"veri (sera p5-p95, mevsim ici)"
HumDef,3h,AICU,ZARF,kis,HumDef > 6.300,6.3,yuksek,Bu seranin normal calisma araliginin ustune cikiyor,Nemlendirme veya havalandirmayi azalt,Yuksek nem mantar riskini artirir,KALITATIF,"backtest_kaniti: sureli-pencere precision=0.749 (kalibrasyon testi KAPSAM_DISI derken, gercek geriye-donuk performans KALITATIF seviyesini destekliyor)",11.01,"veri (sera p5-p95, mevsim ici)"
HumDef,3h,AICU,ZARF,tumu,HumDef < 0.900,0.9,dusuk,Bu seranin normal calisma araliginin altina iniyor,Havalandirma veya isitma ile nem acigini yukselt,Ikisi de enerji maliyeti yaratir,KALITATIF,"backtest_kaniti: sureli-pencere precision=0.749 (kalibrasyon testi KAPSAM_DISI derken, gercek geriye-donuk performans KALITATIF seviyesini destekliyor)",11.01,veri (sera p5-p95)
HumDef,3h,AICU,ZARF,tumu,HumDef > 7.800,7.8,yuksek,Bu seranin normal calisma araliginin ustune cikiyor,Nemlendirme veya havalandirmayi azalt,Yuksek nem mantar riskini artirir,KALITATIF,"backtest_kaniti: sureli-pencere precision=0.749 (kalibrasyon testi KAPSAM_DISI derken, gercek geriye-donuk performans KALITATIF seviyesini destekliyor)",11.01,veri (sera p5-p95)
HumDef,3h,Automatoes,ZARF,ilkbahar,HumDef < 1.300,1.3,dusuk,Bu seranin normal calisma araliginin altina iniyor,Havalandirma veya isitma ile nem acigini yukselt,Ikisi de enerji maliyeti yaratir,KALITATIF,"backtest_kaniti: sureli-pencere precision=0.749 (kalibrasyon testi KAPSAM_DISI derken, gercek geriye-donuk performans KALITATIF seviyesini destekliyor)",11.01,"veri (sera p5-p95, mevsim ici)"
HumDef,3h,Automatoes,ZARF,ilkbahar,HumDef > 10.400,10.4,yuksek,Bu seranin normal calisma araliginin ustune cikiyor,Nemlendirme veya havalandirmayi azalt,Yuksek nem mantar riskini artirir,KALITATIF,"backtest_kaniti: sureli-pencere precision=0.749 (kalibrasyon testi KAPSAM_DISI derken, gercek geriye-donuk performans KALITATIF seviyesini destekliyor)",11.01,"veri (sera p5-p95, mevsim ici)"
HumDef,3h,Automatoes,ZARF,kis,HumDef < 1.200,1.2,dusuk,Bu seranin normal calisma araliginin altina iniyor,Havalandirma veya isitma ile nem acigini yukselt,Ikisi de enerji maliyeti yaratir,KALITATIF,"backtest_kaniti: sureli-pencere precision=0.749 (kalibrasyon testi KAPSAM_DISI derken, gercek geriye-donuk performans KALITATIF seviyesini destekliyor)",11.01,"veri (sera p5-p95, mevsim ici)"
HumDef,3h,Automatoes,ZARF,kis,HumDef > 5.900,5.9,yuksek,Bu seranin normal calisma araliginin ustune cikiyor,Nemlendirme veya havalandirmayi azalt,Yuksek nem mantar riskini artirir,KALITATIF,"backtest_kaniti: sureli-pencere precision=0.749 (kalibrasyon testi KAPSAM_DISI derken, gercek geriye-donuk performans KALITATIF seviyesini destekliyor)",11.01,"veri (sera p5-p95, mevsim ici)"
HumDef,3h,Automatoes,ZARF,tumu,HumDef < 1.200,1.2,dusuk,Bu seranin normal calisma araliginin altina iniyor,Havalandirma veya isitma ile nem acigini yukselt,Ikisi de enerji maliyeti yaratir,KALITATIF,"backtest_kaniti: sureli-pencere precision=0.749 (kalibrasyon testi KAPSAM_DISI derken, gercek geriye-donuk performans KALITATIF seviyesini destekliyor)",11.01,veri (sera p5-p95)
HumDef,3h,Automatoes,ZARF,tumu,HumDef > 8.300,8.3,yuksek,Bu seranin normal calisma araliginin ustune cikiyor,Nemlendirme veya havalandirmayi azalt,Yuksek nem mantar riskini artirir,KALITATIF,"backtest_kaniti: sureli-pencere precision=0.749 (kalibrasyon testi KAPSAM_DISI derken, gercek geriye-donuk performans KALITATIF seviyesini destekliyor)",11.01,veri (sera p5-p95)
HumDef,3h,Digilog,ZARF,ilkbahar,HumDef < 1.600,1.6,dusuk,Bu seranin normal calisma araliginin altina iniyor,Havalandirma veya isitma ile nem acigini yukselt,Ikisi de enerji maliyeti yaratir,KALITATIF,"backtest_kaniti: sureli-pencere precision=0.749 (kalibrasyon testi KAPSAM_DISI derken, gercek geriye-donuk performans KALITATIF seviyesini destekliyor)",11.01,"veri (sera p5-p95, mevsim ici)"
HumDef,3h,Digilog,ZARF,ilkbahar,HumDef > 10.200,10.2,yuksek,Bu seranin normal calisma araliginin ustune cikiyor,Nemlendirme veya havalandirmayi azalt,Yuksek nem mantar riskini artirir,KALITATIF,"backtest_kaniti: sureli-pencere precision=0.749 (kalibrasyon testi KAPSAM_DISI derken, gercek geriye-donuk performans KALITATIF seviyesini destekliyor)",11.01,"veri (sera p5-p95, mevsim ici)"
HumDef,3h,Digilog,ZARF,kis,HumDef < 1.300,1.3,dusuk,Bu seranin normal calisma araliginin altina iniyor,Havalandirma veya isitma ile nem acigini yukselt,Ikisi de enerji maliyeti yaratir,KALITATIF,"backtest_kaniti: sureli-pencere precision=0.749 (kalibrasyon testi KAPSAM_DISI derken, gercek geriye-donuk performans KALITATIF seviyesini destekliyor)",11.01,"veri (sera p5-p95, mevsim ici)"
HumDef,3h,Digilog,ZARF,kis,HumDef > 5.500,5.5,yuksek,Bu seranin normal calisma araliginin ustune cikiyor,Nemlendirme veya havalandirmayi azalt,Yuksek nem mantar riskini artirir,KALITATIF,"backtest_kaniti: sureli-pencere precision=0.749 (kalibrasyon testi KAPSAM_DISI derken, gercek geriye-donuk performans KALITATIF seviyesini destekliyor)",11.01,"veri (sera p5-p95, mevsim ici)"
HumDef,3h,Digilog,ZARF,tumu,HumDef < 1.400,1.4,dusuk,Bu seranin normal calisma araliginin altina iniyor,Havalandirma veya isitma ile nem acigini yukselt,Ikisi de enerji maliyeti yaratir,KALITATIF,"backtest_kaniti: sureli-pencere precision=0.749 (kalibrasyon testi KAPSAM_DISI derken, gercek geriye-donuk performans KALITATIF seviyesini destekliyor)",11.01,veri (sera p5-p95)
HumDef,3h,Digilog,ZARF,tumu,HumDef > 8.500,8.5,yuksek,Bu seranin normal calisma araliginin ustune cikiyor,Nemlendirme veya havalandirmayi azalt,Yuksek nem mantar riskini artirir,KALITATIF,"backtest_kaniti: sureli-pencere precision=0.749 (kalibrasyon testi KAPSAM_DISI derken, gercek geriye-donuk performans KALITATIF seviyesini destekliyor)",11.01,veri (sera p5-p95)
HumDef,3h,IUACAAS,ZARF,ilkbahar,HumDef < 0.700,0.7,dusuk,Bu seranin normal calisma araliginin altina iniyor,Havalandirma veya isitma ile nem acigini yukselt,Ikisi de enerji maliyeti yaratir,KALITATIF,"backtest_kaniti: sureli-pencere precision=0.749 (kalibrasyon testi KAPSAM_DISI derken, gercek geriye-donuk performans KALITATIF seviyesini destekliyor)",11.01,"veri (sera p5-p95, mevsim ici)"
HumDef,3h,IUACAAS,ZARF,ilkbahar,HumDef > 9.200,9.2,yuksek,Bu seranin normal calisma araliginin ustune cikiyor,Nemlendirme veya havalandirmayi azalt,Yuksek nem mantar riskini artirir,KALITATIF,"backtest_kaniti: sureli-pencere precision=0.749 (kalibrasyon testi KAPSAM_DISI derken, gercek geriye-donuk performans KALITATIF seviyesini destekliyor)",11.01,"veri (sera p5-p95, mevsim ici)"
HumDef,3h,IUACAAS,ZARF,kis,HumDef < 0.800,0.8,dusuk,Bu seranin normal calisma araliginin altina iniyor,Havalandirma veya isitma ile nem acigini yukselt,Ikisi de enerji maliyeti yaratir,KALITATIF,"backtest_kaniti: sureli-pencere precision=0.749 (kalibrasyon testi KAPSAM_DISI derken, gercek geriye-donuk performans KALITATIF seviyesini destekliyor)",11.01,"veri (sera p5-p95, mevsim ici)"
HumDef,3h,IUACAAS,ZARF,kis,HumDef > 6.100,6.1,yuksek,Bu seranin normal calisma araliginin ustune cikiyor,Nemlendirme veya havalandirmayi azalt,Yuksek nem mantar riskini artirir,KALITATIF,"backtest_kaniti: sureli-pencere precision=0.749 (kalibrasyon testi KAPSAM_DISI derken, gercek geriye-donuk performans KALITATIF seviyesini destekliyor)",11.01,"veri (sera p5-p95, mevsim ici)"
HumDef,3h,IUACAAS,ZARF,tumu,HumDef < 0.700,0.7,dusuk,Bu seranin normal calisma araliginin altina iniyor,Havalandirma veya isitma ile nem acigini yukselt,Ikisi de enerji maliyeti yaratir,KALITATIF,"backtest_kaniti: sureli-pencere precision=0.749 (kalibrasyon testi KAPSAM_DISI derken, gercek geriye-donuk performans KALITATIF seviyesini destekliyor)",11.01,veri (sera p5-p95)
HumDef,3h,IUACAAS,ZARF,tumu,HumDef > 8.300,8.3,yuksek,Bu seranin normal calisma araliginin ustune cikiyor,Nemlendirme veya havalandirmayi azalt,Yuksek nem mantar riskini artirir,KALITATIF,"backtest_kaniti: sureli-pencere precision=0.749 (kalibrasyon testi KAPSAM_DISI derken, gercek geriye-donuk performans KALITATIF seviyesini destekliyor)",11.01,veri (sera p5-p95)
HumDef,3h,Reference,ZARF,ilkbahar,HumDef < 1.400,1.4,dusuk,Bu seranin normal calisma araliginin altina iniyor,Havalandirma veya isitma ile nem acigini yukselt,Ikisi de enerji maliyeti yaratir,KALITATIF,"backtest_kaniti: sureli-pencere precision=0.749 (kalibrasyon testi KAPSAM_DISI derken, gercek geriye-donuk performans KALITATIF seviyesini destekliyor)",11.01,"veri (sera p5-p95, mevsim ici)"
HumDef,3h,Reference,ZARF,ilkbahar,HumDef > 12.900,12.9,yuksek,Bu seranin normal calisma araliginin ustune cikiyor,Nemlendirme veya havalandirmayi azalt,Yuksek nem mantar riskini artirir,KALITATIF,"backtest_kaniti: sureli-pencere precision=0.749 (kalibrasyon testi KAPSAM_DISI derken, gercek geriye-donuk performans KALITATIF seviyesini destekliyor)",11.01,"veri (sera p5-p95, mevsim ici)"
HumDef,3h,Reference,ZARF,kis,HumDef < 0.900,0.9,dusuk,Bu seranin normal calisma araliginin altina iniyor,Havalandirma veya isitma ile nem acigini yukselt,Ikisi de enerji maliyeti yaratir,KALITATIF,"backtest_kaniti: sureli-pencere precision=0.749 (kalibrasyon testi KAPSAM_DISI derken, gercek geriye-donuk performans KALITATIF seviyesini destekliyor)",11.01,"veri (sera p5-p95, mevsim ici)"
HumDef,3h,Reference,ZARF,kis,HumDef > 6.800,6.8,yuksek,Bu seranin normal calisma araliginin ustune cikiyor,Nemlendirme veya havalandirmayi azalt,Yuksek nem mantar riskini artirir,KALITATIF,"backtest_kaniti: sureli-pencere precision=0.749 (kalibrasyon testi KAPSAM_DISI derken, gercek geriye-donuk performans KALITATIF seviyesini destekliyor)",11.01,"veri (sera p5-p95, mevsim ici)"
HumDef,3h,Reference,ZARF,tumu,HumDef < 1.100,1.1,dusuk,Bu seranin normal calisma araliginin altina iniyor,Havalandirma veya isitma ile nem acigini yukselt,Ikisi de enerji maliyeti yaratir,KALITATIF,"backtest_kaniti: sureli-pencere precision=0.749 (kalibrasyon testi KAPSAM_DISI derken, gercek geriye-donuk performans KALITATIF seviyesini destekliyor)",11.01,veri (sera p5-p95)
HumDef,3h,Reference,ZARF,tumu,HumDef > 11.000,11.0,yuksek,Bu seranin normal calisma araliginin ustune cikiyor,Nemlendirme veya havalandirmayi azalt,Yuksek nem mantar riskini artirir,KALITATIF,"backtest_kaniti: sureli-pencere precision=0.749 (kalibrasyon testi KAPSAM_DISI derken, gercek geriye-donuk performans KALITATIF seviyesini destekliyor)",11.01,veri (sera p5-p95)
HumDef,3h,TUMU,HASAR,tumu,HumDef < 1.0,1.0,dusuk,"Nem acigi cok dusuk: terleme durur, besin tasinimi aksar",Havalandirma veya isitma ile nem acigini yukselt,Ikisi de enerji maliyeti yaratir,KALITATIF,"backtest_kaniti: sureli-pencere precision=0.749 (kalibrasyon testi KAPSAM_DISI derken, gercek geriye-donuk performans KALITATIF seviyesini destekliyor)",11.01,literatur (TASLAK — teyit edilecek)
HumDef,3h,TUMU,HASAR,tumu,HumDef > 15.0,15.0,yuksek,"Cok yuksek nem acigi: stoma kapanir, fotosentez durur",Nemlendirme veya havalandirmayi azalt,Yuksek nem mantar riskini artirir,KALITATIF,"backtest_kaniti: sureli-pencere precision=0.749 (kalibrasyon testi KAPSAM_DISI derken, gercek geriye-donuk performans KALITATIF seviyesini destekliyor)",11.01,literatur (TASLAK — teyit edilecek)
HumDef,3h,TheAutomators,ZARF,ilkbahar,HumDef < 1.000,1.0,dusuk,Bu seranin normal calisma araliginin altina iniyor,Havalandirma veya isitma ile nem acigini yukselt,Ikisi de enerji maliyeti yaratir,KALITATIF,"backtest_kaniti: sureli-pencere precision=0.749 (kalibrasyon testi KAPSAM_DISI derken, gercek geriye-donuk performans KALITATIF seviyesini destekliyor)",11.01,"veri (sera p5-p95, mevsim ici)"
HumDef,3h,TheAutomators,ZARF,ilkbahar,HumDef > 12.300,12.3,yuksek,Bu seranin normal calisma araliginin ustune cikiyor,Nemlendirme veya havalandirmayi azalt,Yuksek nem mantar riskini artirir,KALITATIF,"backtest_kaniti: sureli-pencere precision=0.749 (kalibrasyon testi KAPSAM_DISI derken, gercek geriye-donuk performans KALITATIF seviyesini destekliyor)",11.01,"veri (sera p5-p95, mevsim ici)"
HumDef,3h,TheAutomators,ZARF,kis,HumDef < 1.000,1.0,dusuk,Bu seranin normal calisma araliginin altina iniyor,Havalandirma veya isitma ile nem acigini yukselt,Ikisi de enerji maliyeti yaratir,KALITATIF,"backtest_kaniti: sureli-pencere precision=0.749 (kalibrasyon testi KAPSAM_DISI derken, gercek geriye-donuk performans KALITATIF seviyesini destekliyor)",11.01,"veri (sera p5-p95, mevsim ici)"
HumDef,3h,TheAutomators,ZARF,kis,HumDef > 6.400,6.4,yuksek,Bu seranin normal calisma araliginin ustune cikiyor,Nemlendirme veya havalandirmayi azalt,Yuksek nem mantar riskini artirir,KALITATIF,"backtest_kaniti: sureli-pencere precision=0.749 (kalibrasyon testi KAPSAM_DISI derken, gercek geriye-donuk performans KALITATIF seviyesini destekliyor)",11.01,"veri (sera p5-p95, mevsim ici)"
HumDef,3h,TheAutomators,ZARF,tumu,HumDef < 1.000,1.0,dusuk,Bu seranin normal calisma araliginin altina iniyor,Havalandirma veya isitma ile nem acigini yukselt,Ikisi de enerji maliyeti yaratir,KALITATIF,"backtest_kaniti: sureli-pencere precision=0.749 (kalibrasyon testi KAPSAM_DISI derken, gercek geriye-donuk performans KALITATIF seviyesini destekliyor)",11.01,veri (sera p5-p95)
HumDef,3h,TheAutomators,ZARF,tumu,HumDef > 11.000,11.0,yuksek,Bu seranin normal calisma araliginin ustune cikiyor,Nemlendirme veya havalandirmayi azalt,Yuksek nem mantar riskini artirir,KALITATIF,"backtest_kaniti: sureli-pencere precision=0.749 (kalibrasyon testi KAPSAM_DISI derken, gercek geriye-donuk performans KALITATIF seviyesini destekliyor)",11.01,veri (sera p5-p95)
HumDef,6h,AICU,ZARF,ilkbahar,HumDef < 0.800,0.8,dusuk,Bu seranin normal calisma araliginin altina iniyor,Havalandirma veya isitma ile nem acigini yukselt,Ikisi de enerji maliyeti yaratir,KALITATIF,"backtest_kaniti: sureli-pencere precision=0.735 (kalibrasyon testi KAPSAM_DISI derken, gercek geriye-donuk performans KALITATIF seviyesini destekliyor)",11.789,"veri (sera p5-p95, mevsim ici)"
HumDef,6h,AICU,ZARF,ilkbahar,HumDef > 8.900,8.9,yuksek,Bu seranin normal calisma araliginin ustune cikiyor,Nemlendirme veya havalandirmayi azalt,Yuksek nem mantar riskini artirir,KALITATIF,"backtest_kaniti: sureli-pencere precision=0.735 (kalibrasyon testi KAPSAM_DISI derken, gercek geriye-donuk performans KALITATIF seviyesini destekliyor)",11.789,"veri (sera p5-p95, mevsim ici)"
HumDef,6h,AICU,ZARF,kis,HumDef < 1.000,1.0,dusuk,Bu seranin normal calisma araliginin altina iniyor,Havalandirma veya isitma ile nem acigini yukselt,Ikisi de enerji maliyeti yaratir,KALITATIF,"backtest_kaniti: sureli-pencere precision=0.735 (kalibrasyon testi KAPSAM_DISI derken, gercek geriye-donuk performans KALITATIF seviyesini destekliyor)",11.789,"veri (sera p5-p95, mevsim ici)"
HumDef,6h,AICU,ZARF,kis,HumDef > 6.300,6.3,yuksek,Bu seranin normal calisma araliginin ustune cikiyor,Nemlendirme veya havalandirmayi azalt,Yuksek nem mantar riskini artirir,KALITATIF,"backtest_kaniti: sureli-pencere precision=0.735 (kalibrasyon testi KAPSAM_DISI derken, gercek geriye-donuk performans KALITATIF seviyesini destekliyor)",11.789,"veri (sera p5-p95, mevsim ici)"
HumDef,6h,AICU,ZARF,tumu,HumDef < 0.900,0.9,dusuk,Bu seranin normal calisma araliginin altina iniyor,Havalandirma veya isitma ile nem acigini yukselt,Ikisi de enerji maliyeti yaratir,KALITATIF,"backtest_kaniti: sureli-pencere precision=0.735 (kalibrasyon testi KAPSAM_DISI derken, gercek geriye-donuk performans KALITATIF seviyesini destekliyor)",11.789,veri (sera p5-p95)
HumDef,6h,AICU,ZARF,tumu,HumDef > 7.800,7.8,yuksek,Bu seranin normal calisma araliginin ustune cikiyor,Nemlendirme veya havalandirmayi azalt,Yuksek nem mantar riskini artirir,KALITATIF,"backtest_kaniti: sureli-pencere precision=0.735 (kalibrasyon testi KAPSAM_DISI derken, gercek geriye-donuk performans KALITATIF seviyesini destekliyor)",11.789,veri (sera p5-p95)
HumDef,6h,Automatoes,ZARF,ilkbahar,HumDef < 1.300,1.3,dusuk,Bu seranin normal calisma araliginin altina iniyor,Havalandirma veya isitma ile nem acigini yukselt,Ikisi de enerji maliyeti yaratir,KALITATIF,"backtest_kaniti: sureli-pencere precision=0.735 (kalibrasyon testi KAPSAM_DISI derken, gercek geriye-donuk performans KALITATIF seviyesini destekliyor)",11.789,"veri (sera p5-p95, mevsim ici)"
HumDef,6h,Automatoes,ZARF,ilkbahar,HumDef > 10.400,10.4,yuksek,Bu seranin normal calisma araliginin ustune cikiyor,Nemlendirme veya havalandirmayi azalt,Yuksek nem mantar riskini artirir,KALITATIF,"backtest_kaniti: sureli-pencere precision=0.735 (kalibrasyon testi KAPSAM_DISI derken, gercek geriye-donuk performans KALITATIF seviyesini destekliyor)",11.789,"veri (sera p5-p95, mevsim ici)"
HumDef,6h,Automatoes,ZARF,kis,HumDef < 1.200,1.2,dusuk,Bu seranin normal calisma araliginin altina iniyor,Havalandirma veya isitma ile nem acigini yukselt,Ikisi de enerji maliyeti yaratir,KALITATIF,"backtest_kaniti: sureli-pencere precision=0.735 (kalibrasyon testi KAPSAM_DISI derken, gercek geriye-donuk performans KALITATIF seviyesini destekliyor)",11.789,"veri (sera p5-p95, mevsim ici)"
HumDef,6h,Automatoes,ZARF,kis,HumDef > 5.900,5.9,yuksek,Bu seranin normal calisma araliginin ustune cikiyor,Nemlendirme veya havalandirmayi azalt,Yuksek nem mantar riskini artirir,KALITATIF,"backtest_kaniti: sureli-pencere precision=0.735 (kalibrasyon testi KAPSAM_DISI derken, gercek geriye-donuk performans KALITATIF seviyesini destekliyor)",11.789,"veri (sera p5-p95, mevsim ici)"
HumDef,6h,Automatoes,ZARF,tumu,HumDef < 1.200,1.2,dusuk,Bu seranin normal calisma araliginin altina iniyor,Havalandirma veya isitma ile nem acigini yukselt,Ikisi de enerji maliyeti yaratir,KALITATIF,"backtest_kaniti: sureli-pencere precision=0.735 (kalibrasyon testi KAPSAM_DISI derken, gercek geriye-donuk performans KALITATIF seviyesini destekliyor)",11.789,veri (sera p5-p95)
HumDef,6h,Automatoes,ZARF,tumu,HumDef > 8.300,8.3,yuksek,Bu seranin normal calisma araliginin ustune cikiyor,Nemlendirme veya havalandirmayi azalt,Yuksek nem mantar riskini artirir,KALITATIF,"backtest_kaniti: sureli-pencere precision=0.735 (kalibrasyon testi KAPSAM_DISI derken, gercek geriye-donuk performans KALITATIF seviyesini destekliyor)",11.789,veri (sera p5-p95)
HumDef,6h,Digilog,ZARF,ilkbahar,HumDef < 1.600,1.6,dusuk,Bu seranin normal calisma araliginin altina iniyor,Havalandirma veya isitma ile nem acigini yukselt,Ikisi de enerji maliyeti yaratir,KALITATIF,"backtest_kaniti: sureli-pencere precision=0.735 (kalibrasyon testi KAPSAM_DISI derken, gercek geriye-donuk performans KALITATIF seviyesini destekliyor)",11.789,"veri (sera p5-p95, mevsim ici)"
HumDef,6h,Digilog,ZARF,ilkbahar,HumDef > 10.200,10.2,yuksek,Bu seranin normal calisma araliginin ustune cikiyor,Nemlendirme veya havalandirmayi azalt,Yuksek nem mantar riskini artirir,KALITATIF,"backtest_kaniti: sureli-pencere precision=0.735 (kalibrasyon testi KAPSAM_DISI derken, gercek geriye-donuk performans KALITATIF seviyesini destekliyor)",11.789,"veri (sera p5-p95, mevsim ici)"
HumDef,6h,Digilog,ZARF,kis,HumDef < 1.300,1.3,dusuk,Bu seranin normal calisma araliginin altina iniyor,Havalandirma veya isitma ile nem acigini yukselt,Ikisi de enerji maliyeti yaratir,KALITATIF,"backtest_kaniti: sureli-pencere precision=0.735 (kalibrasyon testi KAPSAM_DISI derken, gercek geriye-donuk performans KALITATIF seviyesini destekliyor)",11.789,"veri (sera p5-p95, mevsim ici)"
HumDef,6h,Digilog,ZARF,kis,HumDef > 5.500,5.5,yuksek,Bu seranin normal calisma araliginin ustune cikiyor,Nemlendirme veya havalandirmayi azalt,Yuksek nem mantar riskini artirir,KALITATIF,"backtest_kaniti: sureli-pencere precision=0.735 (kalibrasyon testi KAPSAM_DISI derken, gercek geriye-donuk performans KALITATIF seviyesini destekliyor)",11.789,"veri (sera p5-p95, mevsim ici)"
HumDef,6h,Digilog,ZARF,tumu,HumDef < 1.400,1.4,dusuk,Bu seranin normal calisma araliginin altina iniyor,Havalandirma veya isitma ile nem acigini yukselt,Ikisi de enerji maliyeti yaratir,KALITATIF,"backtest_kaniti: sureli-pencere precision=0.735 (kalibrasyon testi KAPSAM_DISI derken, gercek geriye-donuk performans KALITATIF seviyesini destekliyor)",11.789,veri (sera p5-p95)
HumDef,6h,Digilog,ZARF,tumu,HumDef > 8.500,8.5,yuksek,Bu seranin normal calisma araliginin ustune cikiyor,Nemlendirme veya havalandirmayi azalt,Yuksek nem mantar riskini artirir,KALITATIF,"backtest_kaniti: sureli-pencere precision=0.735 (kalibrasyon testi KAPSAM_DISI derken, gercek geriye-donuk performans KALITATIF seviyesini destekliyor)",11.789,veri (sera p5-p95)
HumDef,6h,IUACAAS,ZARF,ilkbahar,HumDef < 0.700,0.7,dusuk,Bu seranin normal calisma araliginin altina iniyor,Havalandirma veya isitma ile nem acigini yukselt,Ikisi de enerji maliyeti yaratir,KALITATIF,"backtest_kaniti: sureli-pencere precision=0.735 (kalibrasyon testi KAPSAM_DISI derken, gercek geriye-donuk performans KALITATIF seviyesini destekliyor)",11.789,"veri (sera p5-p95, mevsim ici)"
HumDef,6h,IUACAAS,ZARF,ilkbahar,HumDef > 9.200,9.2,yuksek,Bu seranin normal calisma araliginin ustune cikiyor,Nemlendirme veya havalandirmayi azalt,Yuksek nem mantar riskini artirir,KALITATIF,"backtest_kaniti: sureli-pencere precision=0.735 (kalibrasyon testi KAPSAM_DISI derken, gercek geriye-donuk performans KALITATIF seviyesini destekliyor)",11.789,"veri (sera p5-p95, mevsim ici)"
HumDef,6h,IUACAAS,ZARF,kis,HumDef < 0.800,0.8,dusuk,Bu seranin normal calisma araliginin altina iniyor,Havalandirma veya isitma ile nem acigini yukselt,Ikisi de enerji maliyeti yaratir,KALITATIF,"backtest_kaniti: sureli-pencere precision=0.735 (kalibrasyon testi KAPSAM_DISI derken, gercek geriye-donuk performans KALITATIF seviyesini destekliyor)",11.789,"veri (sera p5-p95, mevsim ici)"
HumDef,6h,IUACAAS,ZARF,kis,HumDef > 6.100,6.1,yuksek,Bu seranin normal calisma araliginin ustune cikiyor,Nemlendirme veya havalandirmayi azalt,Yuksek nem mantar riskini artirir,KALITATIF,"backtest_kaniti: sureli-pencere precision=0.735 (kalibrasyon testi KAPSAM_DISI derken, gercek geriye-donuk performans KALITATIF seviyesini destekliyor)",11.789,"veri (sera p5-p95, mevsim ici)"
HumDef,6h,IUACAAS,ZARF,tumu,HumDef < 0.700,0.7,dusuk,Bu seranin normal calisma araliginin altina iniyor,Havalandirma veya isitma ile nem acigini yukselt,Ikisi de enerji maliyeti yaratir,KALITATIF,"backtest_kaniti: sureli-pencere precision=0.735 (kalibrasyon testi KAPSAM_DISI derken, gercek geriye-donuk performans KALITATIF seviyesini destekliyor)",11.789,veri (sera p5-p95)
HumDef,6h,IUACAAS,ZARF,tumu,HumDef > 8.300,8.3,yuksek,Bu seranin normal calisma araliginin ustune cikiyor,Nemlendirme veya havalandirmayi azalt,Yuksek nem mantar riskini artirir,KALITATIF,"backtest_kaniti: sureli-pencere precision=0.735 (kalibrasyon testi KAPSAM_DISI derken, gercek geriye-donuk performans KALITATIF seviyesini destekliyor)",11.789,veri (sera p5-p95)
HumDef,6h,Reference,ZARF,ilkbahar,HumDef < 1.400,1.4,dusuk,Bu seranin normal calisma araliginin altina iniyor,Havalandirma veya isitma ile nem acigini yukselt,Ikisi de enerji maliyeti yaratir,KALITATIF,"backtest_kaniti: sureli-pencere precision=0.735 (kalibrasyon testi KAPSAM_DISI derken, gercek geriye-donuk performans KALITATIF seviyesini destekliyor)",11.789,"veri (sera p5-p95, mevsim ici)"
HumDef,6h,Reference,ZARF,ilkbahar,HumDef > 12.900,12.9,yuksek,Bu seranin normal calisma araliginin ustune cikiyor,Nemlendirme veya havalandirmayi azalt,Yuksek nem mantar riskini artirir,KALITATIF,"backtest_kaniti: sureli-pencere precision=0.735 (kalibrasyon testi KAPSAM_DISI derken, gercek geriye-donuk performans KALITATIF seviyesini destekliyor)",11.789,"veri (sera p5-p95, mevsim ici)"
HumDef,6h,Reference,ZARF,kis,HumDef < 0.900,0.9,dusuk,Bu seranin normal calisma araliginin altina iniyor,Havalandirma veya isitma ile nem acigini yukselt,Ikisi de enerji maliyeti yaratir,KALITATIF,"backtest_kaniti: sureli-pencere precision=0.735 (kalibrasyon testi KAPSAM_DISI derken, gercek geriye-donuk performans KALITATIF seviyesini destekliyor)",11.789,"veri (sera p5-p95, mevsim ici)"
HumDef,6h,Reference,ZARF,kis,HumDef > 6.800,6.8,yuksek,Bu seranin normal calisma araliginin ustune cikiyor,Nemlendirme veya havalandirmayi azalt,Yuksek nem mantar riskini artirir,KALITATIF,"backtest_kaniti: sureli-pencere precision=0.735 (kalibrasyon testi KAPSAM_DISI derken, gercek geriye-donuk performans KALITATIF seviyesini destekliyor)",11.789,"veri (sera p5-p95, mevsim ici)"
HumDef,6h,Reference,ZARF,tumu,HumDef < 1.100,1.1,dusuk,Bu seranin normal calisma araliginin altina iniyor,Havalandirma veya isitma ile nem acigini yukselt,Ikisi de enerji maliyeti yaratir,KALITATIF,"backtest_kaniti: sureli-pencere precision=0.735 (kalibrasyon testi KAPSAM_DISI derken, gercek geriye-donuk performans KALITATIF seviyesini destekliyor)",11.789,veri (sera p5-p95)
HumDef,6h,Reference,ZARF,tumu,HumDef > 11.000,11.0,yuksek,Bu seranin normal calisma araliginin ustune cikiyor,Nemlendirme veya havalandirmayi azalt,Yuksek nem mantar riskini artirir,KALITATIF,"backtest_kaniti: sureli-pencere precision=0.735 (kalibrasyon testi KAPSAM_DISI derken, gercek geriye-donuk performans KALITATIF seviyesini destekliyor)",11.789,veri (sera p5-p95)
HumDef,6h,TUMU,HASAR,tumu,HumDef < 1.0,1.0,dusuk,"Nem acigi cok dusuk: terleme durur, besin tasinimi aksar",Havalandirma veya isitma ile nem acigini yukselt,Ikisi de enerji maliyeti yaratir,KALITATIF,"backtest_kaniti: sureli-pencere precision=0.735 (kalibrasyon testi KAPSAM_DISI derken, gercek geriye-donuk performans KALITATIF seviyesini destekliyor)",11.789,literatur (TASLAK — teyit edilecek)
HumDef,6h,TUMU,HASAR,tumu,HumDef > 15.0,15.0,yuksek,"Cok yuksek nem acigi: stoma kapanir, fotosentez durur",Nemlendirme veya havalandirmayi azalt,Yuksek nem mantar riskini artirir,KALITATIF,"backtest_kaniti: sureli-pencere precision=0.735 (kalibrasyon testi KAPSAM_DISI derken, gercek geriye-donuk performans KALITATIF seviyesini destekliyor)",11.789,literatur (TASLAK — teyit edilecek)
HumDef,6h,TheAutomators,ZARF,ilkbahar,HumDef < 1.000,1.0,dusuk,Bu seranin normal calisma araliginin altina iniyor,Havalandirma veya isitma ile nem acigini yukselt,Ikisi de enerji maliyeti yaratir,KALITATIF,"backtest_kaniti: sureli-pencere precision=0.735 (kalibrasyon testi KAPSAM_DISI derken, gercek geriye-donuk performans KALITATIF seviyesini destekliyor)",11.789,"veri (sera p5-p95, mevsim ici)"
HumDef,6h,TheAutomators,ZARF,ilkbahar,HumDef > 12.300,12.3,yuksek,Bu seranin normal calisma araliginin ustune cikiyor,Nemlendirme veya havalandirmayi azalt,Yuksek nem mantar riskini artirir,KALITATIF,"backtest_kaniti: sureli-pencere precision=0.735 (kalibrasyon testi KAPSAM_DISI derken, gercek geriye-donuk performans KALITATIF seviyesini destekliyor)",11.789,"veri (sera p5-p95, mevsim ici)"
HumDef,6h,TheAutomators,ZARF,kis,HumDef < 1.000,1.0,dusuk,Bu seranin normal calisma araliginin altina iniyor,Havalandirma veya isitma ile nem acigini yukselt,Ikisi de enerji maliyeti yaratir,KALITATIF,"backtest_kaniti: sureli-pencere precision=0.735 (kalibrasyon testi KAPSAM_DISI derken, gercek geriye-donuk performans KALITATIF seviyesini destekliyor)",11.789,"veri (sera p5-p95, mevsim ici)"
HumDef,6h,TheAutomators,ZARF,kis,HumDef > 6.400,6.4,yuksek,Bu seranin normal calisma araliginin ustune cikiyor,Nemlendirme veya havalandirmayi azalt,Yuksek nem mantar riskini artirir,KALITATIF,"backtest_kaniti: sureli-pencere precision=0.735 (kalibrasyon testi KAPSAM_DISI derken, gercek geriye-donuk performans KALITATIF seviyesini destekliyor)",11.789,"veri (sera p5-p95, mevsim ici)"
HumDef,6h,TheAutomators,ZARF,tumu,HumDef < 1.000,1.0,dusuk,Bu seranin normal calisma araliginin altina iniyor,Havalandirma veya isitma ile nem acigini yukselt,Ikisi de enerji maliyeti yaratir,KALITATIF,"backtest_kaniti: sureli-pencere precision=0.735 (kalibrasyon testi KAPSAM_DISI derken, gercek geriye-donuk performans KALITATIF seviyesini destekliyor)",11.789,veri (sera p5-p95)
HumDef,6h,TheAutomators,ZARF,tumu,HumDef > 11.000,11.0,yuksek,Bu seranin normal calisma araliginin ustune cikiyor,Nemlendirme veya havalandirmayi azalt,Yuksek nem mantar riskini artirir,KALITATIF,"backtest_kaniti: sureli-pencere precision=0.735 (kalibrasyon testi KAPSAM_DISI derken, gercek geriye-donuk performans KALITATIF seviyesini destekliyor)",11.789,veri (sera p5-p95)
Rhair,3h,AICU,ZARF,ilkbahar,Rhair < 64.100,64.1,dusuk,Bu seranin normal calisma araliginin altina iniyor,Nemlendirme yap veya havalandirmayi azalt.,"HumDef YUKSEK kuraliyla ayni fiziksel olayi anlatabilir; ortusme seraya gore %53-78 (Automatoes %53, TheAutomators %78). Ikisi ayni anda tetiklerse TEK oneri olarak birlestirilmeli. Ters yonde celiski olculmedi (0 adim). Havalandirmayi azaltmak isi ve nem birikimine yol acar.",KALITATIF,"kapsama 0.98, aralik/deger %49",41.71,"veri (sera p5-p95, mevsim ici)"
Rhair,3h,AICU,ZARF,ilkbahar,Rhair > 94.800,94.8,yuksek,Bu seranin normal calisma araliginin ustune cikiyor,Havalandirma veya isitma ile bagil nemi dusur.,"HumDef DUSUK kuraliyla ayni fiziksel olayi anlatabilir; ortusme seraya gore %19-74 (Automatoes %19, TheAutomators %74) — bagimsiz bilgi tasidigi seralar var, salt tekrar degil. Ikisi ayni anda tetiklerse TEK oneri olarak birlestirilmeli. Ters yonde celiski olculmedi (0 adim). Havalandirma CO2 ve isi kaybina, isitma enerji maliyetine yol acar.",KALITATIF,"kapsama 0.98, aralik/deger %49",41.71,"veri (sera p5-p95, mevsim ici)"
Rhair,3h,AICU,ZARF,kis,Rhair < 67.000,67.0,dusuk,Bu seranin normal calisma araliginin altina iniyor,Nemlendirme yap veya havalandirmayi azalt.,"HumDef YUKSEK kuraliyla ayni fiziksel olayi anlatabilir; ortusme seraya gore %53-78 (Automatoes %53, TheAutomators %78). Ikisi ayni anda tetiklerse TEK oneri olarak birlestirilmeli. Ters yonde celiski olculmedi (0 adim). Havalandirmayi azaltmak isi ve nem birikimine yol acar.",KALITATIF,"kapsama 0.98, aralik/deger %49",41.71,"veri (sera p5-p95, mevsim ici)"
Rhair,3h,AICU,ZARF,kis,Rhair > 94.100,94.1,yuksek,Bu seranin normal calisma araliginin ustune cikiyor,Havalandirma veya isitma ile bagil nemi dusur.,"HumDef DUSUK kuraliyla ayni fiziksel olayi anlatabilir; ortusme seraya gore %19-74 (Automatoes %19, TheAutomators %74) — bagimsiz bilgi tasidigi seralar var, salt tekrar degil. Ikisi ayni anda tetiklerse TEK oneri olarak birlestirilmeli. Ters yonde celiski olculmedi (0 adim). Havalandirma CO2 ve isi kaybina, isitma enerji maliyetine yol acar.",KALITATIF,"kapsama 0.98, aralik/deger %49",41.71,"veri (sera p5-p95, mevsim ici)"
Rhair,3h,AICU,ZARF,tumu,Rhair < 65.800,65.8,dusuk,Bu seranin normal calisma araliginin altina iniyor,Nemlendirme yap veya havalandirmayi azalt.,"HumDef YUKSEK kuraliyla ayni fiziksel olayi anlatabilir; ortusme seraya gore %53-78 (Automatoes %53, TheAutomators %78). Ikisi ayni anda tetiklerse TEK oneri olarak birlestirilmeli. Ters yonde celiski olculmedi (0 adim). Havalandirmayi azaltmak isi ve nem birikimine yol acar.",KALITATIF,"kapsama 0.98, aralik/deger %49",41.71,veri (sera p5-p95)
Rhair,3h,AICU,ZARF,tumu,Rhair > 94.500,94.5,yuksek,Bu seranin normal calisma araliginin ustune cikiyor,Havalandirma veya isitma ile bagil nemi dusur.,"HumDef DUSUK kuraliyla ayni fiziksel olayi anlatabilir; ortusme seraya gore %19-74 (Automatoes %19, TheAutomators %74) — bagimsiz bilgi tasidigi seralar var, salt tekrar degil. Ikisi ayni anda tetiklerse TEK oneri olarak birlestirilmeli. Ters yonde celiski olculmedi (0 adim). Havalandirma CO2 ve isi kaybina, isitma enerji maliyetine yol acar.",KALITATIF,"kapsama 0.98, aralik/deger %49",41.71,veri (sera p5-p95)
Rhair,3h,Automatoes,ZARF,ilkbahar,Rhair < 66.000,66.0,dusuk,Bu seranin normal calisma araliginin altina iniyor,Nemlendirme yap veya havalandirmayi azalt.,"HumDef YUKSEK kuraliyla ayni fiziksel olayi anlatabilir; ortusme seraya gore %53-78 (Automatoes %53, TheAutomators %78). Ikisi ayni anda tetiklerse TEK oneri olarak birlestirilmeli. Ters yonde celiski olculmedi (0 adim). Havalandirmayi azaltmak isi ve nem birikimine yol acar.",KALITATIF,"kapsama 0.98, aralik/deger %49",41.71,"veri (sera p5-p95, mevsim ici)"
Rhair,3h,Automatoes,ZARF,ilkbahar,Rhair > 92.900,92.9,yuksek,Bu seranin normal calisma araliginin ustune cikiyor,Havalandirma veya isitma ile bagil nemi dusur.,"HumDef DUSUK kuraliyla ayni fiziksel olayi anlatabilir; ortusme seraya gore %19-74 (Automatoes %19, TheAutomators %74) — bagimsiz bilgi tasidigi seralar var, salt tekrar degil. Ikisi ayni anda tetiklerse TEK oneri olarak birlestirilmeli. Ters yonde celiski olculmedi (0 adim). Havalandirma CO2 ve isi kaybina, isitma enerji maliyetine yol acar.",KALITATIF,"kapsama 0.98, aralik/deger %49",41.71,"veri (sera p5-p95, mevsim ici)"
Rhair,3h,Automatoes,ZARF,kis,Rhair < 71.400,71.4,dusuk,Bu seranin normal calisma araliginin altina iniyor,Nemlendirme yap veya havalandirmayi azalt.,"HumDef YUKSEK kuraliyla ayni fiziksel olayi anlatabilir; ortusme seraya gore %53-78 (Automatoes %53, TheAutomators %78). Ikisi ayni anda tetiklerse TEK oneri olarak birlestirilmeli. Ters yonde celiski olculmedi (0 adim). Havalandirmayi azaltmak isi ve nem birikimine yol acar.",KALITATIF,"kapsama 0.98, aralik/deger %49",41.71,"veri (sera p5-p95, mevsim ici)"
Rhair,3h,Automatoes,ZARF,kis,Rhair > 92.700,92.7,yuksek,Bu seranin normal calisma araliginin ustune cikiyor,Havalandirma veya isitma ile bagil nemi dusur.,"HumDef DUSUK kuraliyla ayni fiziksel olayi anlatabilir; ortusme seraya gore %19-74 (Automatoes %19, TheAutomators %74) — bagimsiz bilgi tasidigi seralar var, salt tekrar degil. Ikisi ayni anda tetiklerse TEK oneri olarak birlestirilmeli. Ters yonde celiski olculmedi (0 adim). Havalandirma CO2 ve isi kaybina, isitma enerji maliyetine yol acar.",KALITATIF,"kapsama 0.98, aralik/deger %49",41.71,"veri (sera p5-p95, mevsim ici)"
Rhair,3h,Automatoes,ZARF,tumu,Rhair < 67.900,67.9,dusuk,Bu seranin normal calisma araliginin altina iniyor,Nemlendirme yap veya havalandirmayi azalt.,"HumDef YUKSEK kuraliyla ayni fiziksel olayi anlatabilir; ortusme seraya gore %53-78 (Automatoes %53, TheAutomators %78). Ikisi ayni anda tetiklerse TEK oneri olarak birlestirilmeli. Ters yonde celiski olculmedi (0 adim). Havalandirmayi azaltmak isi ve nem birikimine yol acar.",KALITATIF,"kapsama 0.98, aralik/deger %49",41.71,veri (sera p5-p95)
Rhair,3h,Automatoes,ZARF,tumu,Rhair > 92.800,92.8,yuksek,Bu seranin normal calisma araliginin ustune cikiyor,Havalandirma veya isitma ile bagil nemi dusur.,"HumDef DUSUK kuraliyla ayni fiziksel olayi anlatabilir; ortusme seraya gore %19-74 (Automatoes %19, TheAutomators %74) — bagimsiz bilgi tasidigi seralar var, salt tekrar degil. Ikisi ayni anda tetiklerse TEK oneri olarak birlestirilmeli. Ters yonde celiski olculmedi (0 adim). Havalandirma CO2 ve isi kaybina, isitma enerji maliyetine yol acar.",KALITATIF,"kapsama 0.98, aralik/deger %49",41.71,veri (sera p5-p95)
Rhair,3h,Digilog,ZARF,ilkbahar,Rhair < 57.800,57.8,dusuk,Bu seranin normal calisma araliginin altina iniyor,Nemlendirme yap veya havalandirmayi azalt.,"HumDef YUKSEK kuraliyla ayni fiziksel olayi anlatabilir; ortusme seraya gore %53-78 (Automatoes %53, TheAutomators %78). Ikisi ayni anda tetiklerse TEK oneri olarak birlestirilmeli. Ters yonde celiski olculmedi (0 adim). Havalandirmayi azaltmak isi ve nem birikimine yol acar.",KALITATIF,"kapsama 0.98, aralik/deger %49",41.71,"veri (sera p5-p95, mevsim ici)"
Rhair,3h,Digilog,ZARF,ilkbahar,Rhair > 90.900,90.9,yuksek,Bu seranin normal calisma araliginin ustune cikiyor,Havalandirma veya isitma ile bagil nemi dusur.,"HumDef DUSUK kuraliyla ayni fiziksel olayi anlatabilir; ortusme seraya gore %19-74 (Automatoes %19, TheAutomators %74) — bagimsiz bilgi tasidigi seralar var, salt tekrar degil. Ikisi ayni anda tetiklerse TEK oneri olarak birlestirilmeli. Ters yonde celiski olculmedi (0 adim). Havalandirma CO2 ve isi kaybina, isitma enerji maliyetine yol acar.",KALITATIF,"kapsama 0.98, aralik/deger %49",41.71,"veri (sera p5-p95, mevsim ici)"
Rhair,3h,Digilog,ZARF,kis,Rhair < 69.000,69.0,dusuk,Bu seranin normal calisma araliginin altina iniyor,Nemlendirme yap veya havalandirmayi azalt.,"HumDef YUKSEK kuraliyla ayni fiziksel olayi anlatabilir; ortusme seraya gore %53-78 (Automatoes %53, TheAutomators %78). Ikisi ayni anda tetiklerse TEK oneri olarak birlestirilmeli. Ters yonde celiski olculmedi (0 adim). Havalandirmayi azaltmak isi ve nem birikimine yol acar.",KALITATIF,"kapsama 0.98, aralik/deger %49",41.71,"veri (sera p5-p95, mevsim ici)"
Rhair,3h,Digilog,ZARF,kis,Rhair > 92.300,92.3,yuksek,Bu seranin normal calisma araliginin ustune cikiyor,Havalandirma veya isitma ile bagil nemi dusur.,"HumDef DUSUK kuraliyla ayni fiziksel olayi anlatabilir; ortusme seraya gore %19-74 (Automatoes %19, TheAutomators %74) — bagimsiz bilgi tasidigi seralar var, salt tekrar degil. Ikisi ayni anda tetiklerse TEK oneri olarak birlestirilmeli. Ters yonde celiski olculmedi (0 adim). Havalandirma CO2 ve isi kaybina, isitma enerji maliyetine yol acar.",KALITATIF,"kapsama 0.98, aralik/deger %49",41.71,"veri (sera p5-p95, mevsim ici)"
Rhair,3h,Digilog,ZARF,tumu,Rhair < 63.200,63.2,dusuk,Bu seranin normal calisma araliginin altina iniyor,Nemlendirme yap veya havalandirmayi azalt.,"HumDef YUKSEK kuraliyla ayni fiziksel olayi anlatabilir; ortusme seraya gore %53-78 (Automatoes %53, TheAutomators %78). Ikisi ayni anda tetiklerse TEK oneri olarak birlestirilmeli. Ters yonde celiski olculmedi (0 adim). Havalandirmayi azaltmak isi ve nem birikimine yol acar.",KALITATIF,"kapsama 0.98, aralik/deger %49",41.71,veri (sera p5-p95)
Rhair,3h,Digilog,ZARF,tumu,Rhair > 91.500,91.5,yuksek,Bu seranin normal calisma araliginin ustune cikiyor,Havalandirma veya isitma ile bagil nemi dusur.,"HumDef DUSUK kuraliyla ayni fiziksel olayi anlatabilir; ortusme seraya gore %19-74 (Automatoes %19, TheAutomators %74) — bagimsiz bilgi tasidigi seralar var, salt tekrar degil. Ikisi ayni anda tetiklerse TEK oneri olarak birlestirilmeli. Ters yonde celiski olculmedi (0 adim). Havalandirma CO2 ve isi kaybina, isitma enerji maliyetine yol acar.",KALITATIF,"kapsama 0.98, aralik/deger %49",41.71,veri (sera p5-p95)
Rhair,3h,IUACAAS,ZARF,ilkbahar,Rhair < 64.300,64.3,dusuk,Bu seranin normal calisma araliginin altina iniyor,Nemlendirme yap veya havalandirmayi azalt.,"HumDef YUKSEK kuraliyla ayni fiziksel olayi anlatabilir; ortusme seraya gore %53-78 (Automatoes %53, TheAutomators %78). Ikisi ayni anda tetiklerse TEK oneri olarak birlestirilmeli. Ters yonde celiski olculmedi (0 adim). Havalandirmayi azaltmak isi ve nem birikimine yol acar.",KALITATIF,"kapsama 0.98, aralik/deger %49",41.71,"veri (sera p5-p95, mevsim ici)"
Rhair,3h,IUACAAS,ZARF,ilkbahar,Rhair > 95.100,95.1,yuksek,Bu seranin normal calisma araliginin ustune cikiyor,Havalandirma veya isitma ile bagil nemi dusur.,"HumDef DUSUK kuraliyla ayni fiziksel olayi anlatabilir; ortusme seraya gore %19-74 (Automatoes %19, TheAutomators %74) — bagimsiz bilgi tasidigi seralar var, salt tekrar degil. Ikisi ayni anda tetiklerse TEK oneri olarak birlestirilmeli. Ters yonde celiski olculmedi (0 adim). Havalandirma CO2 ve isi kaybina, isitma enerji maliyetine yol acar.",KALITATIF,"kapsama 0.98, aralik/deger %49",41.71,"veri (sera p5-p95, mevsim ici)"
Rhair,3h,IUACAAS,ZARF,kis,Rhair < 70.200,70.2,dusuk,Bu seranin normal calisma araliginin altina iniyor,Nemlendirme yap veya havalandirmayi azalt.,"HumDef YUKSEK kuraliyla ayni fiziksel olayi anlatabilir; ortusme seraya gore %53-78 (Automatoes %53, TheAutomators %78). Ikisi ayni anda tetiklerse TEK oneri olarak birlestirilmeli. Ters yonde celiski olculmedi (0 adim). Havalandirmayi azaltmak isi ve nem birikimine yol acar.",KALITATIF,"kapsama 0.98, aralik/deger %49",41.71,"veri (sera p5-p95, mevsim ici)"
Rhair,3h,IUACAAS,ZARF,kis,Rhair > 95.100,95.1,yuksek,Bu seranin normal calisma araliginin ustune cikiyor,Havalandirma veya isitma ile bagil nemi dusur.,"HumDef DUSUK kuraliyla ayni fiziksel olayi anlatabilir; ortusme seraya gore %19-74 (Automatoes %19, TheAutomators %74) — bagimsiz bilgi tasidigi seralar var, salt tekrar degil. Ikisi ayni anda tetiklerse TEK oneri olarak birlestirilmeli. Ters yonde celiski olculmedi (0 adim). Havalandirma CO2 ve isi kaybina, isitma enerji maliyetine yol acar.",KALITATIF,"kapsama 0.98, aralik/deger %49",41.71,"veri (sera p5-p95, mevsim ici)"
Rhair,3h,IUACAAS,ZARF,tumu,Rhair < 66.300,66.3,dusuk,Bu seranin normal calisma araliginin altina iniyor,Nemlendirme yap veya havalandirmayi azalt.,"HumDef YUKSEK kuraliyla ayni fiziksel olayi anlatabilir; ortusme seraya gore %53-78 (Automatoes %53, TheAutomators %78). Ikisi ayni anda tetiklerse TEK oneri olarak birlestirilmeli. Ters yonde celiski olculmedi (0 adim). Havalandirmayi azaltmak isi ve nem birikimine yol acar.",KALITATIF,"kapsama 0.98, aralik/deger %49",41.71,veri (sera p5-p95)
Rhair,3h,IUACAAS,ZARF,tumu,Rhair > 95.100,95.1,yuksek,Bu seranin normal calisma araliginin ustune cikiyor,Havalandirma veya isitma ile bagil nemi dusur.,"HumDef DUSUK kuraliyla ayni fiziksel olayi anlatabilir; ortusme seraya gore %19-74 (Automatoes %19, TheAutomators %74) — bagimsiz bilgi tasidigi seralar var, salt tekrar degil. Ikisi ayni anda tetiklerse TEK oneri olarak birlestirilmeli. Ters yonde celiski olculmedi (0 adim). Havalandirma CO2 ve isi kaybina, isitma enerji maliyetine yol acar.",KALITATIF,"kapsama 0.98, aralik/deger %49",41.71,veri (sera p5-p95)
Rhair,3h,Reference,ZARF,ilkbahar,Rhair < 50.000,50.0,dusuk,Bu seranin normal calisma araliginin altina iniyor,Nemlendirme yap veya havalandirmayi azalt.,"HumDef YUKSEK kuraliyla ayni fiziksel olayi anlatabilir; ortusme seraya gore %53-78 (Automatoes %53, TheAutomators %78). Ikisi ayni anda tetiklerse TEK oneri olarak birlestirilmeli. Ters yonde celiski olculmedi (0 adim). Havalandirmayi azaltmak isi ve nem birikimine yol acar.",KALITATIF,"kapsama 0.98, aralik/deger %49",41.71,"veri (sera p5-p95, mevsim ici)"
Rhair,3h,Reference,ZARF,ilkbahar,Rhair > 92.500,92.5,yuksek,Bu seranin normal calisma araliginin ustune cikiyor,Havalandirma veya isitma ile bagil nemi dusur.,"HumDef DUSUK kuraliyla ayni fiziksel olayi anlatabilir; ortusme seraya gore %19-74 (Automatoes %19, TheAutomators %74) — bagimsiz bilgi tasidigi seralar var, salt tekrar degil. Ikisi ayni anda tetiklerse TEK oneri olarak birlestirilmeli. Ters yonde celiski olculmedi (0 adim). Havalandirma CO2 ve isi kaybina, isitma enerji maliyetine yol acar.",KALITATIF,"kapsama 0.98, aralik/deger %49",41.71,"veri (sera p5-p95, mevsim ici)"
Rhair,3h,Reference,ZARF,kis,Rhair < 66.300,66.3,dusuk,Bu seranin normal calisma araliginin altina iniyor,Nemlendirme yap veya havalandirmayi azalt.,"HumDef YUKSEK kuraliyla ayni fiziksel olayi anlatabilir; ortusme seraya gore %53-78 (Automatoes %53, TheAutomators %78). Ikisi ayni anda tetiklerse TEK oneri olarak birlestirilmeli. Ters yonde celiski olculmedi (0 adim). Havalandirmayi azaltmak isi ve nem birikimine yol acar.",KALITATIF,"kapsama 0.98, aralik/deger %49",41.71,"veri (sera p5-p95, mevsim ici)"
Rhair,3h,Reference,ZARF,kis,Rhair > 95.300,95.3,yuksek,Bu seranin normal calisma araliginin ustune cikiyor,Havalandirma veya isitma ile bagil nemi dusur.,"HumDef DUSUK kuraliyla ayni fiziksel olayi anlatabilir; ortusme seraya gore %19-74 (Automatoes %19, TheAutomators %74) — bagimsiz bilgi tasidigi seralar var, salt tekrar degil. Ikisi ayni anda tetiklerse TEK oneri olarak birlestirilmeli. Ters yonde celiski olculmedi (0 adim). Havalandirma CO2 ve isi kaybina, isitma enerji maliyetine yol acar.",KALITATIF,"kapsama 0.98, aralik/deger %49",41.71,"veri (sera p5-p95, mevsim ici)"
Rhair,3h,Reference,ZARF,tumu,Rhair < 54.800,54.8,dusuk,Bu seranin normal calisma araliginin altina iniyor,Nemlendirme yap veya havalandirmayi azalt.,"HumDef YUKSEK kuraliyla ayni fiziksel olayi anlatabilir; ortusme seraya gore %53-78 (Automatoes %53, TheAutomators %78). Ikisi ayni anda tetiklerse TEK oneri olarak birlestirilmeli. Ters yonde celiski olculmedi (0 adim). Havalandirmayi azaltmak isi ve nem birikimine yol acar.",KALITATIF,"kapsama 0.98, aralik/deger %49",41.71,veri (sera p5-p95)
Rhair,3h,Reference,ZARF,tumu,Rhair > 94.200,94.2,yuksek,Bu seranin normal calisma araliginin ustune cikiyor,Havalandirma veya isitma ile bagil nemi dusur.,"HumDef DUSUK kuraliyla ayni fiziksel olayi anlatabilir; ortusme seraya gore %19-74 (Automatoes %19, TheAutomators %74) — bagimsiz bilgi tasidigi seralar var, salt tekrar degil. Ikisi ayni anda tetiklerse TEK oneri olarak birlestirilmeli. Ters yonde celiski olculmedi (0 adim). Havalandirma CO2 ve isi kaybina, isitma enerji maliyetine yol acar.",KALITATIF,"kapsama 0.98, aralik/deger %49",41.71,veri (sera p5-p95)
Rhair,3h,TUMU,HASAR,tumu,Rhair > 95.0,95.0,yuksek,"Yaprak yuzeyinde yogusma, mantar enfeksiyonu icin ideal kosul",Havalandirma veya isitma ile bagil nemi dusur.,"HumDef DUSUK kuraliyla ayni fiziksel olayi anlatabilir; ortusme seraya gore %19-74 (Automatoes %19, TheAutomators %74) — bagimsiz bilgi tasidigi seralar var, salt tekrar degil. Ikisi ayni anda tetiklerse TEK oneri olarak birlestirilmeli. Ters yonde celiski olculmedi (0 adim). Havalandirma CO2 ve isi kaybina, isitma enerji maliyetine yol acar.",KALITATIF,"kapsama 0.98, aralik/deger %49",41.71,literatur (TASLAK — teyit edilecek)
Rhair,3h,TheAutomators,ZARF,ilkbahar,Rhair < 51.300,51.3,dusuk,Bu seranin normal calisma araliginin altina iniyor,Nemlendirme yap veya havalandirmayi azalt.,"HumDef YUKSEK kuraliyla ayni fiziksel olayi anlatabilir; ortusme seraya gore %53-78 (Automatoes %53, TheAutomators %78). Ikisi ayni anda tetiklerse TEK oneri olarak birlestirilmeli. Ters yonde celiski olculmedi (0 adim). Havalandirmayi azaltmak isi ve nem birikimine yol acar.",KALITATIF,"kapsama 0.98, aralik/deger %49",41.71,"veri (sera p5-p95, mevsim ici)"
Rhair,3h,TheAutomators,ZARF,ilkbahar,Rhair > 93.200,93.2,yuksek,Bu seranin normal calisma araliginin ustune cikiyor,Havalandirma veya isitma ile bagil nemi dusur.,"HumDef DUSUK kuraliyla ayni fiziksel olayi anlatabilir; ortusme seraya gore %19-74 (Automatoes %19, TheAutomators %74) — bagimsiz bilgi tasidigi seralar var, salt tekrar degil. Ikisi ayni anda tetiklerse TEK oneri olarak birlestirilmeli. Ters yonde celiski olculmedi (0 adim). Havalandirma CO2 ve isi kaybina, isitma enerji maliyetine yol acar.",KALITATIF,"kapsama 0.98, aralik/deger %49",41.71,"veri (sera p5-p95, mevsim ici)"
Rhair,3h,TheAutomators,ZARF,kis,Rhair < 66.800,66.8,dusuk,Bu seranin normal calisma araliginin altina iniyor,Nemlendirme yap veya havalandirmayi azalt.,"HumDef YUKSEK kuraliyla ayni fiziksel olayi anlatabilir; ortusme seraya gore %53-78 (Automatoes %53, TheAutomators %78). Ikisi ayni anda tetiklerse TEK oneri olarak birlestirilmeli. Ters yonde celiski olculmedi (0 adim). Havalandirmayi azaltmak isi ve nem birikimine yol acar.",KALITATIF,"kapsama 0.98, aralik/deger %49",41.71,"veri (sera p5-p95, mevsim ici)"
Rhair,3h,TheAutomators,ZARF,kis,Rhair > 93.500,93.5,yuksek,Bu seranin normal calisma araliginin ustune cikiyor,Havalandirma veya isitma ile bagil nemi dusur.,"HumDef DUSUK kuraliyla ayni fiziksel olayi anlatabilir; ortusme seraya gore %19-74 (Automatoes %19, TheAutomators %74) — bagimsiz bilgi tasidigi seralar var, salt tekrar degil. Ikisi ayni anda tetiklerse TEK oneri olarak birlestirilmeli. Ters yonde celiski olculmedi (0 adim). Havalandirma CO2 ve isi kaybina, isitma enerji maliyetine yol acar.",KALITATIF,"kapsama 0.98, aralik/deger %49",41.71,"veri (sera p5-p95, mevsim ici)"
Rhair,3h,TheAutomators,ZARF,tumu,Rhair < 55.100,55.1,dusuk,Bu seranin normal calisma araliginin altina iniyor,Nemlendirme yap veya havalandirmayi azalt.,"HumDef YUKSEK kuraliyla ayni fiziksel olayi anlatabilir; ortusme seraya gore %53-78 (Automatoes %53, TheAutomators %78). Ikisi ayni anda tetiklerse TEK oneri olarak birlestirilmeli. Ters yonde celiski olculmedi (0 adim). Havalandirmayi azaltmak isi ve nem birikimine yol acar.",KALITATIF,"kapsama 0.98, aralik/deger %49",41.71,veri (sera p5-p95)
Rhair,3h,TheAutomators,ZARF,tumu,Rhair > 93.300,93.3,yuksek,Bu seranin normal calisma araliginin ustune cikiyor,Havalandirma veya isitma ile bagil nemi dusur.,"HumDef DUSUK kuraliyla ayni fiziksel olayi anlatabilir; ortusme seraya gore %19-74 (Automatoes %19, TheAutomators %74) — bagimsiz bilgi tasidigi seralar var, salt tekrar degil. Ikisi ayni anda tetiklerse TEK oneri olarak birlestirilmeli. Ters yonde celiski olculmedi (0 adim). Havalandirma CO2 ve isi kaybina, isitma enerji maliyetine yol acar.",KALITATIF,"kapsama 0.98, aralik/deger %49",41.71,veri (sera p5-p95)
Rhair,6h,AICU,ZARF,ilkbahar,Rhair < 64.100,64.1,dusuk,Bu seranin normal calisma araliginin altina iniyor,Nemlendirme yap veya havalandirmayi azalt.,"HumDef YUKSEK kuraliyla ayni fiziksel olayi anlatabilir; ortusme seraya gore %53-78 (Automatoes %53, TheAutomators %78). Ikisi ayni anda tetiklerse TEK oneri olarak birlestirilmeli. Ters yonde celiski olculmedi (0 adim). Havalandirmayi azaltmak isi ve nem birikimine yol acar.",KALITATIF,"backtest_kaniti: sureli-pencere precision=0.688 (kalibrasyon testi KAPSAM_DISI derken, gercek geriye-donuk performans KALITATIF seviyesini destekliyor)",47.899,"veri (sera p5-p95, mevsim ici)"
Rhair,6h,AICU,ZARF,ilkbahar,Rhair > 94.800,94.8,yuksek,Bu seranin normal calisma araliginin ustune cikiyor,Havalandirma veya isitma ile bagil nemi dusur.,"HumDef DUSUK kuraliyla ayni fiziksel olayi anlatabilir; ortusme seraya gore %19-74 (Automatoes %19, TheAutomators %74) — bagimsiz bilgi tasidigi seralar var, salt tekrar degil. Ikisi ayni anda tetiklerse TEK oneri olarak birlestirilmeli. Ters yonde celiski olculmedi (0 adim). Havalandirma CO2 ve isi kaybina, isitma enerji maliyetine yol acar.",KALITATIF,"backtest_kaniti: sureli-pencere precision=0.688 (kalibrasyon testi KAPSAM_DISI derken, gercek geriye-donuk performans KALITATIF seviyesini destekliyor)",47.899,"veri (sera p5-p95, mevsim ici)"
Rhair,6h,AICU,ZARF,kis,Rhair < 67.000,67.0,dusuk,Bu seranin normal calisma araliginin altina iniyor,Nemlendirme yap veya havalandirmayi azalt.,"HumDef YUKSEK kuraliyla ayni fiziksel olayi anlatabilir; ortusme seraya gore %53-78 (Automatoes %53, TheAutomators %78). Ikisi ayni anda tetiklerse TEK oneri olarak birlestirilmeli. Ters yonde celiski olculmedi (0 adim). Havalandirmayi azaltmak isi ve nem birikimine yol acar.",KALITATIF,"backtest_kaniti: sureli-pencere precision=0.688 (kalibrasyon testi KAPSAM_DISI derken, gercek geriye-donuk performans KALITATIF seviyesini destekliyor)",47.899,"veri (sera p5-p95, mevsim ici)"
Rhair,6h,AICU,ZARF,kis,Rhair > 94.100,94.1,yuksek,Bu seranin normal calisma araliginin ustune cikiyor,Havalandirma veya isitma ile bagil nemi dusur.,"HumDef DUSUK kuraliyla ayni fiziksel olayi anlatabilir; ortusme seraya gore %19-74 (Automatoes %19, TheAutomators %74) — bagimsiz bilgi tasidigi seralar var, salt tekrar degil. Ikisi ayni anda tetiklerse TEK oneri olarak birlestirilmeli. Ters yonde celiski olculmedi (0 adim). Havalandirma CO2 ve isi kaybina, isitma enerji maliyetine yol acar.",KALITATIF,"backtest_kaniti: sureli-pencere precision=0.688 (kalibrasyon testi KAPSAM_DISI derken, gercek geriye-donuk performans KALITATIF seviyesini destekliyor)",47.899,"veri (sera p5-p95, mevsim ici)"
Rhair,6h,AICU,ZARF,tumu,Rhair < 65.800,65.8,dusuk,Bu seranin normal calisma araliginin altina iniyor,Nemlendirme yap veya havalandirmayi azalt.,"HumDef YUKSEK kuraliyla ayni fiziksel olayi anlatabilir; ortusme seraya gore %53-78 (Automatoes %53, TheAutomators %78). Ikisi ayni anda tetiklerse TEK oneri olarak birlestirilmeli. Ters yonde celiski olculmedi (0 adim). Havalandirmayi azaltmak isi ve nem birikimine yol acar.",KALITATIF,"backtest_kaniti: sureli-pencere precision=0.688 (kalibrasyon testi KAPSAM_DISI derken, gercek geriye-donuk performans KALITATIF seviyesini destekliyor)",47.899,veri (sera p5-p95)
Rhair,6h,AICU,ZARF,tumu,Rhair > 94.500,94.5,yuksek,Bu seranin normal calisma araliginin ustune cikiyor,Havalandirma veya isitma ile bagil nemi dusur.,"HumDef DUSUK kuraliyla ayni fiziksel olayi anlatabilir; ortusme seraya gore %19-74 (Automatoes %19, TheAutomators %74) — bagimsiz bilgi tasidigi seralar var, salt tekrar degil. Ikisi ayni anda tetiklerse TEK oneri olarak birlestirilmeli. Ters yonde celiski olculmedi (0 adim). Havalandirma CO2 ve isi kaybina, isitma enerji maliyetine yol acar.",KALITATIF,"backtest_kaniti: sureli-pencere precision=0.688 (kalibrasyon testi KAPSAM_DISI derken, gercek geriye-donuk performans KALITATIF seviyesini destekliyor)",47.899,veri (sera p5-p95)
Rhair,6h,Automatoes,ZARF,ilkbahar,Rhair < 66.000,66.0,dusuk,Bu seranin normal calisma araliginin altina iniyor,Nemlendirme yap veya havalandirmayi azalt.,"HumDef YUKSEK kuraliyla ayni fiziksel olayi anlatabilir; ortusme seraya gore %53-78 (Automatoes %53, TheAutomators %78). Ikisi ayni anda tetiklerse TEK oneri olarak birlestirilmeli. Ters yonde celiski olculmedi (0 adim). Havalandirmayi azaltmak isi ve nem birikimine yol acar.",KALITATIF,"backtest_kaniti: sureli-pencere precision=0.688 (kalibrasyon testi KAPSAM_DISI derken, gercek geriye-donuk performans KALITATIF seviyesini destekliyor)",47.899,"veri (sera p5-p95, mevsim ici)"
Rhair,6h,Automatoes,ZARF,ilkbahar,Rhair > 92.900,92.9,yuksek,Bu seranin normal calisma araliginin ustune cikiyor,Havalandirma veya isitma ile bagil nemi dusur.,"HumDef DUSUK kuraliyla ayni fiziksel olayi anlatabilir; ortusme seraya gore %19-74 (Automatoes %19, TheAutomators %74) — bagimsiz bilgi tasidigi seralar var, salt tekrar degil. Ikisi ayni anda tetiklerse TEK oneri olarak birlestirilmeli. Ters yonde celiski olculmedi (0 adim). Havalandirma CO2 ve isi kaybina, isitma enerji maliyetine yol acar.",KALITATIF,"backtest_kaniti: sureli-pencere precision=0.688 (kalibrasyon testi KAPSAM_DISI derken, gercek geriye-donuk performans KALITATIF seviyesini destekliyor)",47.899,"veri (sera p5-p95, mevsim ici)"
Rhair,6h,Automatoes,ZARF,kis,Rhair < 71.400,71.4,dusuk,Bu seranin normal calisma araliginin altina iniyor,Nemlendirme yap veya havalandirmayi azalt.,"HumDef YUKSEK kuraliyla ayni fiziksel olayi anlatabilir; ortusme seraya gore %53-78 (Automatoes %53, TheAutomators %78). Ikisi ayni anda tetiklerse TEK oneri olarak birlestirilmeli. Ters yonde celiski olculmedi (0 adim). Havalandirmayi azaltmak isi ve nem birikimine yol acar.",KALITATIF,"backtest_kaniti: sureli-pencere precision=0.688 (kalibrasyon testi KAPSAM_DISI derken, gercek geriye-donuk performans KALITATIF seviyesini destekliyor)",47.899,"veri (sera p5-p95, mevsim ici)"
Rhair,6h,Automatoes,ZARF,kis,Rhair > 92.700,92.7,yuksek,Bu seranin normal calisma araliginin ustune cikiyor,Havalandirma veya isitma ile bagil nemi dusur.,"HumDef DUSUK kuraliyla ayni fiziksel olayi anlatabilir; ortusme seraya gore %19-74 (Automatoes %19, TheAutomators %74) — bagimsiz bilgi tasidigi seralar var, salt tekrar degil. Ikisi ayni anda tetiklerse TEK oneri olarak birlestirilmeli. Ters yonde celiski olculmedi (0 adim). Havalandirma CO2 ve isi kaybina, isitma enerji maliyetine yol acar.",KALITATIF,"backtest_kaniti: sureli-pencere precision=0.688 (kalibrasyon testi KAPSAM_DISI derken, gercek geriye-donuk performans KALITATIF seviyesini destekliyor)",47.899,"veri (sera p5-p95, mevsim ici)"
Rhair,6h,Automatoes,ZARF,tumu,Rhair < 67.900,67.9,dusuk,Bu seranin normal calisma araliginin altina iniyor,Nemlendirme yap veya havalandirmayi azalt.,"HumDef YUKSEK kuraliyla ayni fiziksel olayi anlatabilir; ortusme seraya gore %53-78 (Automatoes %53, TheAutomators %78). Ikisi ayni anda tetiklerse TEK oneri olarak birlestirilmeli. Ters yonde celiski olculmedi (0 adim). Havalandirmayi azaltmak isi ve nem birikimine yol acar.",KALITATIF,"backtest_kaniti: sureli-pencere precision=0.688 (kalibrasyon testi KAPSAM_DISI derken, gercek geriye-donuk performans KALITATIF seviyesini destekliyor)",47.899,veri (sera p5-p95)
Rhair,6h,Automatoes,ZARF,tumu,Rhair > 92.800,92.8,yuksek,Bu seranin normal calisma araliginin ustune cikiyor,Havalandirma veya isitma ile bagil nemi dusur.,"HumDef DUSUK kuraliyla ayni fiziksel olayi anlatabilir; ortusme seraya gore %19-74 (Automatoes %19, TheAutomators %74) — bagimsiz bilgi tasidigi seralar var, salt tekrar degil. Ikisi ayni anda tetiklerse TEK oneri olarak birlestirilmeli. Ters yonde celiski olculmedi (0 adim). Havalandirma CO2 ve isi kaybina, isitma enerji maliyetine yol acar.",KALITATIF,"backtest_kaniti: sureli-pencere precision=0.688 (kalibrasyon testi KAPSAM_DISI derken, gercek geriye-donuk performans KALITATIF seviyesini destekliyor)",47.899,veri (sera p5-p95)
Rhair,6h,Digilog,ZARF,ilkbahar,Rhair < 57.800,57.8,dusuk,Bu seranin normal calisma araliginin altina iniyor,Nemlendirme yap veya havalandirmayi azalt.,"HumDef YUKSEK kuraliyla ayni fiziksel olayi anlatabilir; ortusme seraya gore %53-78 (Automatoes %53, TheAutomators %78). Ikisi ayni anda tetiklerse TEK oneri olarak birlestirilmeli. Ters yonde celiski olculmedi (0 adim). Havalandirmayi azaltmak isi ve nem birikimine yol acar.",KALITATIF,"backtest_kaniti: sureli-pencere precision=0.688 (kalibrasyon testi KAPSAM_DISI derken, gercek geriye-donuk performans KALITATIF seviyesini destekliyor)",47.899,"veri (sera p5-p95, mevsim ici)"
Rhair,6h,Digilog,ZARF,ilkbahar,Rhair > 90.900,90.9,yuksek,Bu seranin normal calisma araliginin ustune cikiyor,Havalandirma veya isitma ile bagil nemi dusur.,"HumDef DUSUK kuraliyla ayni fiziksel olayi anlatabilir; ortusme seraya gore %19-74 (Automatoes %19, TheAutomators %74) — bagimsiz bilgi tasidigi seralar var, salt tekrar degil. Ikisi ayni anda tetiklerse TEK oneri olarak birlestirilmeli. Ters yonde celiski olculmedi (0 adim). Havalandirma CO2 ve isi kaybina, isitma enerji maliyetine yol acar.",KALITATIF,"backtest_kaniti: sureli-pencere precision=0.688 (kalibrasyon testi KAPSAM_DISI derken, gercek geriye-donuk performans KALITATIF seviyesini destekliyor)",47.899,"veri (sera p5-p95, mevsim ici)"
Rhair,6h,Digilog,ZARF,kis,Rhair < 69.000,69.0,dusuk,Bu seranin normal calisma araliginin altina iniyor,Nemlendirme yap veya havalandirmayi azalt.,"HumDef YUKSEK kuraliyla ayni fiziksel olayi anlatabilir; ortusme seraya gore %53-78 (Automatoes %53, TheAutomators %78). Ikisi ayni anda tetiklerse TEK oneri olarak birlestirilmeli. Ters yonde celiski olculmedi (0 adim). Havalandirmayi azaltmak isi ve nem birikimine yol acar.",KALITATIF,"backtest_kaniti: sureli-pencere precision=0.688 (kalibrasyon testi KAPSAM_DISI derken, gercek geriye-donuk performans KALITATIF seviyesini destekliyor)",47.899,"veri (sera p5-p95, mevsim ici)"
Rhair,6h,Digilog,ZARF,kis,Rhair > 92.300,92.3,yuksek,Bu seranin normal calisma araliginin ustune cikiyor,Havalandirma veya isitma ile bagil nemi dusur.,"HumDef DUSUK kuraliyla ayni fiziksel olayi anlatabilir; ortusme seraya gore %19-74 (Automatoes %19, TheAutomators %74) — bagimsiz bilgi tasidigi seralar var, salt tekrar degil. Ikisi ayni anda tetiklerse TEK oneri olarak birlestirilmeli. Ters yonde celiski olculmedi (0 adim). Havalandirma CO2 ve isi kaybina, isitma enerji maliyetine yol acar.",KALITATIF,"backtest_kaniti: sureli-pencere precision=0.688 (kalibrasyon testi KAPSAM_DISI derken, gercek geriye-donuk performans KALITATIF seviyesini destekliyor)",47.899,"veri (sera p5-p95, mevsim ici)"
Rhair,6h,Digilog,ZARF,tumu,Rhair < 63.200,63.2,dusuk,Bu seranin normal calisma araliginin altina iniyor,Nemlendirme yap veya havalandirmayi azalt.,"HumDef YUKSEK kuraliyla ayni fiziksel olayi anlatabilir; ortusme seraya gore %53-78 (Automatoes %53, TheAutomators %78). Ikisi ayni anda tetiklerse TEK oneri olarak birlestirilmeli. Ters yonde celiski olculmedi (0 adim). Havalandirmayi azaltmak isi ve nem birikimine yol acar.",KALITATIF,"backtest_kaniti: sureli-pencere precision=0.688 (kalibrasyon testi KAPSAM_DISI derken, gercek geriye-donuk performans KALITATIF seviyesini destekliyor)",47.899,veri (sera p5-p95)
Rhair,6h,Digilog,ZARF,tumu,Rhair > 91.500,91.5,yuksek,Bu seranin normal calisma araliginin ustune cikiyor,Havalandirma veya isitma ile bagil nemi dusur.,"HumDef DUSUK kuraliyla ayni fiziksel olayi anlatabilir; ortusme seraya gore %19-74 (Automatoes %19, TheAutomators %74) — bagimsiz bilgi tasidigi seralar var, salt tekrar degil. Ikisi ayni anda tetiklerse TEK oneri olarak birlestirilmeli. Ters yonde celiski olculmedi (0 adim). Havalandirma CO2 ve isi kaybina, isitma enerji maliyetine yol acar.",KALITATIF,"backtest_kaniti: sureli-pencere precision=0.688 (kalibrasyon testi KAPSAM_DISI derken, gercek geriye-donuk performans KALITATIF seviyesini destekliyor)",47.899,veri (sera p5-p95)
Rhair,6h,IUACAAS,ZARF,ilkbahar,Rhair < 64.300,64.3,dusuk,Bu seranin normal calisma araliginin altina iniyor,Nemlendirme yap veya havalandirmayi azalt.,"HumDef YUKSEK kuraliyla ayni fiziksel olayi anlatabilir; ortusme seraya gore %53-78 (Automatoes %53, TheAutomators %78). Ikisi ayni anda tetiklerse TEK oneri olarak birlestirilmeli. Ters yonde celiski olculmedi (0 adim). Havalandirmayi azaltmak isi ve nem birikimine yol acar.",KALITATIF,"backtest_kaniti: sureli-pencere precision=0.688 (kalibrasyon testi KAPSAM_DISI derken, gercek geriye-donuk performans KALITATIF seviyesini destekliyor)",47.899,"veri (sera p5-p95, mevsim ici)"
Rhair,6h,IUACAAS,ZARF,ilkbahar,Rhair > 95.100,95.1,yuksek,Bu seranin normal calisma araliginin ustune cikiyor,Havalandirma veya isitma ile bagil nemi dusur.,"HumDef DUSUK kuraliyla ayni fiziksel olayi anlatabilir; ortusme seraya gore %19-74 (Automatoes %19, TheAutomators %74) — bagimsiz bilgi tasidigi seralar var, salt tekrar degil. Ikisi ayni anda tetiklerse TEK oneri olarak birlestirilmeli. Ters yonde celiski olculmedi (0 adim). Havalandirma CO2 ve isi kaybina, isitma enerji maliyetine yol acar.",KALITATIF,"backtest_kaniti: sureli-pencere precision=0.688 (kalibrasyon testi KAPSAM_DISI derken, gercek geriye-donuk performans KALITATIF seviyesini destekliyor)",47.899,"veri (sera p5-p95, mevsim ici)"
Rhair,6h,IUACAAS,ZARF,kis,Rhair < 70.200,70.2,dusuk,Bu seranin normal calisma araliginin altina iniyor,Nemlendirme yap veya havalandirmayi azalt.,"HumDef YUKSEK kuraliyla ayni fiziksel olayi anlatabilir; ortusme seraya gore %53-78 (Automatoes %53, TheAutomators %78). Ikisi ayni anda tetiklerse TEK oneri olarak birlestirilmeli. Ters yonde celiski olculmedi (0 adim). Havalandirmayi azaltmak isi ve nem birikimine yol acar.",KALITATIF,"backtest_kaniti: sureli-pencere precision=0.688 (kalibrasyon testi KAPSAM_DISI derken, gercek geriye-donuk performans KALITATIF seviyesini destekliyor)",47.899,"veri (sera p5-p95, mevsim ici)"
Rhair,6h,IUACAAS,ZARF,kis,Rhair > 95.100,95.1,yuksek,Bu seranin normal calisma araliginin ustune cikiyor,Havalandirma veya isitma ile bagil nemi dusur.,"HumDef DUSUK kuraliyla ayni fiziksel olayi anlatabilir; ortusme seraya gore %19-74 (Automatoes %19, TheAutomators %74) — bagimsiz bilgi tasidigi seralar var, salt tekrar degil. Ikisi ayni anda tetiklerse TEK oneri olarak birlestirilmeli. Ters yonde celiski olculmedi (0 adim). Havalandirma CO2 ve isi kaybina, isitma enerji maliyetine yol acar.",KALITATIF,"backtest_kaniti: sureli-pencere precision=0.688 (kalibrasyon testi KAPSAM_DISI derken, gercek geriye-donuk performans KALITATIF seviyesini destekliyor)",47.899,"veri (sera p5-p95, mevsim ici)"
Rhair,6h,IUACAAS,ZARF,tumu,Rhair < 66.300,66.3,dusuk,Bu seranin normal calisma araliginin altina iniyor,Nemlendirme yap veya havalandirmayi azalt.,"HumDef YUKSEK kuraliyla ayni fiziksel olayi anlatabilir; ortusme seraya gore %53-78 (Automatoes %53, TheAutomators %78). Ikisi ayni anda tetiklerse TEK oneri olarak birlestirilmeli. Ters yonde celiski olculmedi (0 adim). Havalandirmayi azaltmak isi ve nem birikimine yol acar.",KALITATIF,"backtest_kaniti: sureli-pencere precision=0.688 (kalibrasyon testi KAPSAM_DISI derken, gercek geriye-donuk performans KALITATIF seviyesini destekliyor)",47.899,veri (sera p5-p95)
Rhair,6h,IUACAAS,ZARF,tumu,Rhair > 95.100,95.1,yuksek,Bu seranin normal calisma araliginin ustune cikiyor,Havalandirma veya isitma ile bagil nemi dusur.,"HumDef DUSUK kuraliyla ayni fiziksel olayi anlatabilir; ortusme seraya gore %19-74 (Automatoes %19, TheAutomators %74) — bagimsiz bilgi tasidigi seralar var, salt tekrar degil. Ikisi ayni anda tetiklerse TEK oneri olarak birlestirilmeli. Ters yonde celiski olculmedi (0 adim). Havalandirma CO2 ve isi kaybina, isitma enerji maliyetine yol acar.",KALITATIF,"backtest_kaniti: sureli-pencere precision=0.688 (kalibrasyon testi KAPSAM_DISI derken, gercek geriye-donuk performans KALITATIF seviyesini destekliyor)",47.899,veri (sera p5-p95)
Rhair,6h,Reference,ZARF,ilkbahar,Rhair < 50.000,50.0,dusuk,Bu seranin normal calisma araliginin altina iniyor,Nemlendirme yap veya havalandirmayi azalt.,"HumDef YUKSEK kuraliyla ayni fiziksel olayi anlatabilir; ortusme seraya gore %53-78 (Automatoes %53, TheAutomators %78). Ikisi ayni anda tetiklerse TEK oneri olarak birlestirilmeli. Ters yonde celiski olculmedi (0 adim). Havalandirmayi azaltmak isi ve nem birikimine yol acar.",KALITATIF,"backtest_kaniti: sureli-pencere precision=0.688 (kalibrasyon testi KAPSAM_DISI derken, gercek geriye-donuk performans KALITATIF seviyesini destekliyor)",47.899,"veri (sera p5-p95, mevsim ici)"
Rhair,6h,Reference,ZARF,ilkbahar,Rhair > 92.500,92.5,yuksek,Bu seranin normal calisma araliginin ustune cikiyor,Havalandirma veya isitma ile bagil nemi dusur.,"HumDef DUSUK kuraliyla ayni fiziksel olayi anlatabilir; ortusme seraya gore %19-74 (Automatoes %19, TheAutomators %74) — bagimsiz bilgi tasidigi seralar var, salt tekrar degil. Ikisi ayni anda tetiklerse TEK oneri olarak birlestirilmeli. Ters yonde celiski olculmedi (0 adim). Havalandirma CO2 ve isi kaybina, isitma enerji maliyetine yol acar.",KALITATIF,"backtest_kaniti: sureli-pencere precision=0.688 (kalibrasyon testi KAPSAM_DISI derken, gercek geriye-donuk performans KALITATIF seviyesini destekliyor)",47.899,"veri (sera p5-p95, mevsim ici)"
Rhair,6h,Reference,ZARF,kis,Rhair < 66.300,66.3,dusuk,Bu seranin normal calisma araliginin altina iniyor,Nemlendirme yap veya havalandirmayi azalt.,"HumDef YUKSEK kuraliyla ayni fiziksel olayi anlatabilir; ortusme seraya gore %53-78 (Automatoes %53, TheAutomators %78). Ikisi ayni anda tetiklerse TEK oneri olarak birlestirilmeli. Ters yonde celiski olculmedi (0 adim). Havalandirmayi azaltmak isi ve nem birikimine yol acar.",KALITATIF,"backtest_kaniti: sureli-pencere precision=0.688 (kalibrasyon testi KAPSAM_DISI derken, gercek geriye-donuk performans KALITATIF seviyesini destekliyor)",47.899,"veri (sera p5-p95, mevsim ici)"
Rhair,6h,Reference,ZARF,kis,Rhair > 95.300,95.3,yuksek,Bu seranin normal calisma araliginin ustune cikiyor,Havalandirma veya isitma ile bagil nemi dusur.,"HumDef DUSUK kuraliyla ayni fiziksel olayi anlatabilir; ortusme seraya gore %19-74 (Automatoes %19, TheAutomators %74) — bagimsiz bilgi tasidigi seralar var, salt tekrar degil. Ikisi ayni anda tetiklerse TEK oneri olarak birlestirilmeli. Ters yonde celiski olculmedi (0 adim). Havalandirma CO2 ve isi kaybina, isitma enerji maliyetine yol acar.",KALITATIF,"backtest_kaniti: sureli-pencere precision=0.688 (kalibrasyon testi KAPSAM_DISI derken, gercek geriye-donuk performans KALITATIF seviyesini destekliyor)",47.899,"veri (sera p5-p95, mevsim ici)"
Rhair,6h,Reference,ZARF,tumu,Rhair < 54.800,54.8,dusuk,Bu seranin normal calisma araliginin altina iniyor,Nemlendirme yap veya havalandirmayi azalt.,"HumDef YUKSEK kuraliyla ayni fiziksel olayi anlatabilir; ortusme seraya gore %53-78 (Automatoes %53, TheAutomators %78). Ikisi ayni anda tetiklerse TEK oneri olarak birlestirilmeli. Ters yonde celiski olculmedi (0 adim). Havalandirmayi azaltmak isi ve nem birikimine yol acar.",KALITATIF,"backtest_kaniti: sureli-pencere precision=0.688 (kalibrasyon testi KAPSAM_DISI derken, gercek geriye-donuk performans KALITATIF seviyesini destekliyor)",47.899,veri (sera p5-p95)
Rhair,6h,Reference,ZARF,tumu,Rhair > 94.200,94.2,yuksek,Bu seranin normal calisma araliginin ustune cikiyor,Havalandirma veya isitma ile bagil nemi dusur.,"HumDef DUSUK kuraliyla ayni fiziksel olayi anlatabilir; ortusme seraya gore %19-74 (Automatoes %19, TheAutomators %74) — bagimsiz bilgi tasidigi seralar var, salt tekrar degil. Ikisi ayni anda tetiklerse TEK oneri olarak birlestirilmeli. Ters yonde celiski olculmedi (0 adim). Havalandirma CO2 ve isi kaybina, isitma enerji maliyetine yol acar.",KALITATIF,"backtest_kaniti: sureli-pencere precision=0.688 (kalibrasyon testi KAPSAM_DISI derken, gercek geriye-donuk performans KALITATIF seviyesini destekliyor)",47.899,veri (sera p5-p95)
Rhair,6h,TUMU,HASAR,tumu,Rhair > 95.0,95.0,yuksek,"Yaprak yuzeyinde yogusma, mantar enfeksiyonu icin ideal kosul",Havalandirma veya isitma ile bagil nemi dusur.,"HumDef DUSUK kuraliyla ayni fiziksel olayi anlatabilir; ortusme seraya gore %19-74 (Automatoes %19, TheAutomators %74) — bagimsiz bilgi tasidigi seralar var, salt tekrar degil. Ikisi ayni anda tetiklerse TEK oneri olarak birlestirilmeli. Ters yonde celiski olculmedi (0 adim). Havalandirma CO2 ve isi kaybina, isitma enerji maliyetine yol acar.",KALITATIF,"backtest_kaniti: sureli-pencere precision=0.688 (kalibrasyon testi KAPSAM_DISI derken, gercek geriye-donuk performans KALITATIF seviyesini destekliyor)",47.899,literatur (TASLAK — teyit edilecek)
Rhair,6h,TheAutomators,ZARF,ilkbahar,Rhair < 51.300,51.3,dusuk,Bu seranin normal calisma araliginin altina iniyor,Nemlendirme yap veya havalandirmayi azalt.,"HumDef YUKSEK kuraliyla ayni fiziksel olayi anlatabilir; ortusme seraya gore %53-78 (Automatoes %53, TheAutomators %78). Ikisi ayni anda tetiklerse TEK oneri olarak birlestirilmeli. Ters yonde celiski olculmedi (0 adim). Havalandirmayi azaltmak isi ve nem birikimine yol acar.",KALITATIF,"backtest_kaniti: sureli-pencere precision=0.688 (kalibrasyon testi KAPSAM_DISI derken, gercek geriye-donuk performans KALITATIF seviyesini destekliyor)",47.899,"veri (sera p5-p95, mevsim ici)"
Rhair,6h,TheAutomators,ZARF,ilkbahar,Rhair > 93.200,93.2,yuksek,Bu seranin normal calisma araliginin ustune cikiyor,Havalandirma veya isitma ile bagil nemi dusur.,"HumDef DUSUK kuraliyla ayni fiziksel olayi anlatabilir; ortusme seraya gore %19-74 (Automatoes %19, TheAutomators %74) — bagimsiz bilgi tasidigi seralar var, salt tekrar degil. Ikisi ayni anda tetiklerse TEK oneri olarak birlestirilmeli. Ters yonde celiski olculmedi (0 adim). Havalandirma CO2 ve isi kaybina, isitma enerji maliyetine yol acar.",KALITATIF,"backtest_kaniti: sureli-pencere precision=0.688 (kalibrasyon testi KAPSAM_DISI derken, gercek geriye-donuk performans KALITATIF seviyesini destekliyor)",47.899,"veri (sera p5-p95, mevsim ici)"
Rhair,6h,TheAutomators,ZARF,kis,Rhair < 66.800,66.8,dusuk,Bu seranin normal calisma araliginin altina iniyor,Nemlendirme yap veya havalandirmayi azalt.,"HumDef YUKSEK kuraliyla ayni fiziksel olayi anlatabilir; ortusme seraya gore %53-78 (Automatoes %53, TheAutomators %78). Ikisi ayni anda tetiklerse TEK oneri olarak birlestirilmeli. Ters yonde celiski olculmedi (0 adim). Havalandirmayi azaltmak isi ve nem birikimine yol acar.",KALITATIF,"backtest_kaniti: sureli-pencere precision=0.688 (kalibrasyon testi KAPSAM_DISI derken, gercek geriye-donuk performans KALITATIF seviyesini destekliyor)",47.899,"veri (sera p5-p95, mevsim ici)"
Rhair,6h,TheAutomators,ZARF,kis,Rhair > 93.500,93.5,yuksek,Bu seranin normal calisma araliginin ustune cikiyor,Havalandirma veya isitma ile bagil nemi dusur.,"HumDef DUSUK kuraliyla ayni fiziksel olayi anlatabilir; ortusme seraya gore %19-74 (Automatoes %19, TheAutomators %74) — bagimsiz bilgi tasidigi seralar var, salt tekrar degil. Ikisi ayni anda tetiklerse TEK oneri olarak birlestirilmeli. Ters yonde celiski olculmedi (0 adim). Havalandirma CO2 ve isi kaybina, isitma enerji maliyetine yol acar.",KALITATIF,"backtest_kaniti: sureli-pencere precision=0.688 (kalibrasyon testi KAPSAM_DISI derken, gercek geriye-donuk performans KALITATIF seviyesini destekliyor)",47.899,"veri (sera p5-p95, mevsim ici)"
Rhair,6h,TheAutomators,ZARF,tumu,Rhair < 55.100,55.1,dusuk,Bu seranin normal calisma araliginin altina iniyor,Nemlendirme yap veya havalandirmayi azalt.,"HumDef YUKSEK kuraliyla ayni fiziksel olayi anlatabilir; ortusme seraya gore %53-78 (Automatoes %53, TheAutomators %78). Ikisi ayni anda tetiklerse TEK oneri olarak birlestirilmeli. Ters yonde celiski olculmedi (0 adim). Havalandirmayi azaltmak isi ve nem birikimine yol acar.",KALITATIF,"backtest_kaniti: sureli-pencere precision=0.688 (kalibrasyon testi KAPSAM_DISI derken, gercek geriye-donuk performans KALITATIF seviyesini destekliyor)",47.899,veri (sera p5-p95)
Rhair,6h,TheAutomators,ZARF,tumu,Rhair > 93.300,93.3,yuksek,Bu seranin normal calisma araliginin ustune cikiyor,Havalandirma veya isitma ile bagil nemi dusur.,"HumDef DUSUK kuraliyla ayni fiziksel olayi anlatabilir; ortusme seraya gore %19-74 (Automatoes %19, TheAutomators %74) — bagimsiz bilgi tasidigi seralar var, salt tekrar degil. Ikisi ayni anda tetiklerse TEK oneri olarak birlestirilmeli. Ters yonde celiski olculmedi (0 adim). Havalandirma CO2 ve isi kaybina, isitma enerji maliyetine yol acar.",KALITATIF,"backtest_kaniti: sureli-pencere precision=0.688 (kalibrasyon testi KAPSAM_DISI derken, gercek geriye-donuk performans KALITATIF seviyesini destekliyor)",47.899,veri (sera p5-p95)
Tair,3h,AICU,ZARF,ilkbahar,Tair < 18.000,18.0,dusuk,Bu seranin normal calisma araliginin altina iniyor,Isitmayi artir veya enerji perdesini kapat,Isitma en buyuk enerji kalemidir (bkz. strateji raporu),KALITATIF,"kapsama 0.93, aralik/deger %25",5.406,"veri (sera p5-p95, mevsim ici)"
Tair,3h,AICU,ZARF,ilkbahar,Tair > 28.600,28.6,yuksek,Bu seranin normal calisma araliginin ustune cikiyor,Havalandirmayi artir veya perde ile golgele,Havalandirma nem ve CO2 kaybina yol acar,KALITATIF,"kapsama 0.93, aralik/deger %25",5.406,"veri (sera p5-p95, mevsim ici)"
Tair,3h,AICU,ZARF,kis,Tair < 17.900,17.9,dusuk,Bu seranin normal calisma araliginin altina iniyor,Isitmayi artir veya enerji perdesini kapat,Isitma en buyuk enerji kalemidir (bkz. strateji raporu),KALITATIF,"kapsama 0.93, aralik/deger %25",5.406,"veri (sera p5-p95, mevsim ici)"
Tair,3h,AICU,ZARF,kis,Tair > 24.800,24.8,yuksek,Bu seranin normal calisma araliginin ustune cikiyor,Havalandirmayi artir veya perde ile golgele,Havalandirma nem ve CO2 kaybina yol acar,KALITATIF,"kapsama 0.93, aralik/deger %25",5.406,"veri (sera p5-p95, mevsim ici)"
Tair,3h,AICU,ZARF,tumu,Tair < 17.900,17.9,dusuk,Bu seranin normal calisma araliginin altina iniyor,Isitmayi artir veya enerji perdesini kapat,Isitma en buyuk enerji kalemidir (bkz. strateji raporu),KALITATIF,"kapsama 0.93, aralik/deger %25",5.406,veri (sera p5-p95)
Tair,3h,AICU,ZARF,tumu,Tair > 27.900,27.9,yuksek,Bu seranin normal calisma araliginin ustune cikiyor,Havalandirmayi artir veya perde ile golgele,Havalandirma nem ve CO2 kaybina yol acar,KALITATIF,"kapsama 0.93, aralik/deger %25",5.406,veri (sera p5-p95)
Tair,3h,Automatoes,ZARF,ilkbahar,Tair < 17.000,17.0,dusuk,Bu seranin normal calisma araliginin altina iniyor,Isitmayi artir veya enerji perdesini kapat,Isitma en buyuk enerji kalemidir (bkz. strateji raporu),KALITATIF,"kapsama 0.93, aralik/deger %25",5.406,"veri (sera p5-p95, mevsim ici)"
Tair,3h,Automatoes,ZARF,ilkbahar,Tair > 32.500,32.5,yuksek,Bu seranin normal calisma araliginin ustune cikiyor,Havalandirmayi artir veya perde ile golgele,Havalandirma nem ve CO2 kaybina yol acar,KALITATIF,"kapsama 0.93, aralik/deger %25",5.406,"veri (sera p5-p95, mevsim ici)"
Tair,3h,Automatoes,ZARF,kis,Tair < 16.000,16.0,dusuk,Bu seranin normal calisma araliginin altina iniyor,Isitmayi artir veya enerji perdesini kapat,Isitma en buyuk enerji kalemidir (bkz. strateji raporu),KALITATIF,"kapsama 0.93, aralik/deger %25",5.406,"veri (sera p5-p95, mevsim ici)"
Tair,3h,Automatoes,ZARF,kis,Tair > 26.400,26.4,yuksek,Bu seranin normal calisma araliginin ustune cikiyor,Havalandirmayi artir veya perde ile golgele,Havalandirma nem ve CO2 kaybina yol acar,KALITATIF,"kapsama 0.93, aralik/deger %25",5.406,"veri (sera p5-p95, mevsim ici)"
Tair,3h,Automatoes,ZARF,tumu,Tair < 16.400,16.4,dusuk,Bu seranin normal calisma araliginin altina iniyor,Isitmayi artir veya enerji perdesini kapat,Isitma en buyuk enerji kalemidir (bkz. strateji raporu),KALITATIF,"kapsama 0.93, aralik/deger %25",5.406,veri (sera p5-p95)
Tair,3h,Automatoes,ZARF,tumu,Tair > 31.100,31.1,yuksek,Bu seranin normal calisma araliginin ustune cikiyor,Havalandirmayi artir veya perde ile golgele,Havalandirma nem ve CO2 kaybina yol acar,KALITATIF,"kapsama 0.93, aralik/deger %25",5.406,veri (sera p5-p95)
Tair,3h,Digilog,ZARF,ilkbahar,Tair < 17.700,17.7,dusuk,Bu seranin normal calisma araliginin altina iniyor,Isitmayi artir veya enerji perdesini kapat,Isitma en buyuk enerji kalemidir (bkz. strateji raporu),KALITATIF,"kapsama 0.93, aralik/deger %25",5.406,"veri (sera p5-p95, mevsim ici)"
Tair,3h,Digilog,ZARF,ilkbahar,Tair > 31.700,31.7,yuksek,Bu seranin normal calisma araliginin ustune cikiyor,Havalandirmayi artir veya perde ile golgele,Havalandirma nem ve CO2 kaybina yol acar,KALITATIF,"kapsama 0.93, aralik/deger %25",5.406,"veri (sera p5-p95, mevsim ici)"
Tair,3h,Digilog,ZARF,kis,Tair < 16.700,16.7,dusuk,Bu seranin normal calisma araliginin altina iniyor,Isitmayi artir veya enerji perdesini kapat,Isitma en buyuk enerji kalemidir (bkz. strateji raporu),KALITATIF,"kapsama 0.93, aralik/deger %25",5.406,"veri (sera p5-p95, mevsim ici)"
Tair,3h,Digilog,ZARF,kis,Tair > 23.900,23.9,yuksek,Bu seranin normal calisma araliginin ustune cikiyor,Havalandirmayi artir veya perde ile golgele,Havalandirma nem ve CO2 kaybina yol acar,KALITATIF,"kapsama 0.93, aralik/deger %25",5.406,"veri (sera p5-p95, mevsim ici)"
Tair,3h,Digilog,ZARF,tumu,Tair < 17.300,17.3,dusuk,Bu seranin normal calisma araliginin altina iniyor,Isitmayi artir veya enerji perdesini kapat,Isitma en buyuk enerji kalemidir (bkz. strateji raporu),KALITATIF,"kapsama 0.93, aralik/deger %25",5.406,veri (sera p5-p95)
Tair,3h,Digilog,ZARF,tumu,Tair > 28.200,28.2,yuksek,Bu seranin normal calisma araliginin ustune cikiyor,Havalandirmayi artir veya perde ile golgele,Havalandirma nem ve CO2 kaybina yol acar,KALITATIF,"kapsama 0.93, aralik/deger %25",5.406,veri (sera p5-p95)
Tair,3h,IUACAAS,ZARF,ilkbahar,Tair < 15.800,15.8,dusuk,Bu seranin normal calisma araliginin altina iniyor,Isitmayi artir veya enerji perdesini kapat,Isitma en buyuk enerji kalemidir (bkz. strateji raporu),KALITATIF,"kapsama 0.93, aralik/deger %25",5.406,"veri (sera p5-p95, mevsim ici)"
Tair,3h,IUACAAS,ZARF,ilkbahar,Tair > 29.200,29.2,yuksek,Bu seranin normal calisma araliginin ustune cikiyor,Havalandirmayi artir veya perde ile golgele,Havalandirma nem ve CO2 kaybina yol acar,KALITATIF,"kapsama 0.93, aralik/deger %25",5.406,"veri (sera p5-p95, mevsim ici)"
Tair,3h,IUACAAS,ZARF,kis,Tair < 15.500,15.5,dusuk,Bu seranin normal calisma araliginin altina iniyor,Isitmayi artir veya enerji perdesini kapat,Isitma en buyuk enerji kalemidir (bkz. strateji raporu),KALITATIF,"kapsama 0.93, aralik/deger %25",5.406,"veri (sera p5-p95, mevsim ici)"
Tair,3h,IUACAAS,ZARF,kis,Tair > 26.200,26.2,yuksek,Bu seranin normal calisma araliginin ustune cikiyor,Havalandirmayi artir veya perde ile golgele,Havalandirma nem ve CO2 kaybina yol acar,KALITATIF,"kapsama 0.93, aralik/deger %25",5.406,"veri (sera p5-p95, mevsim ici)"
Tair,3h,IUACAAS,ZARF,tumu,Tair < 15.700,15.7,dusuk,Bu seranin normal calisma araliginin altina iniyor,Isitmayi artir veya enerji perdesini kapat,Isitma en buyuk enerji kalemidir (bkz. strateji raporu),KALITATIF,"kapsama 0.93, aralik/deger %25",5.406,veri (sera p5-p95)
Tair,3h,IUACAAS,ZARF,tumu,Tair > 28.400,28.4,yuksek,Bu seranin normal calisma araliginin ustune cikiyor,Havalandirmayi artir veya perde ile golgele,Havalandirma nem ve CO2 kaybina yol acar,KALITATIF,"kapsama 0.93, aralik/deger %25",5.406,veri (sera p5-p95)
Tair,3h,Reference,ZARF,ilkbahar,Tair < 17.200,17.2,dusuk,Bu seranin normal calisma araliginin altina iniyor,Isitmayi artir veya enerji perdesini kapat,Isitma en buyuk enerji kalemidir (bkz. strateji raporu),KALITATIF,"kapsama 0.93, aralik/deger %25",5.406,"veri (sera p5-p95, mevsim ici)"
Tair,3h,Reference,ZARF,ilkbahar,Tair > 28.000,28.0,yuksek,Bu seranin normal calisma araliginin ustune cikiyor,Havalandirmayi artir veya perde ile golgele,Havalandirma nem ve CO2 kaybina yol acar,KALITATIF,"kapsama 0.93, aralik/deger %25",5.406,"veri (sera p5-p95, mevsim ici)"
Tair,3h,Reference,ZARF,kis,Tair < 15.000,15.0,dusuk,Bu seranin normal calisma araliginin altina iniyor,Isitmayi artir veya enerji perdesini kapat,Isitma en buyuk enerji kalemidir (bkz. strateji raporu),KALITATIF,"kapsama 0.93, aralik/deger %25",5.406,"veri (sera p5-p95, mevsim ici)"
Tair,3h,Reference,ZARF,kis,Tair > 27.900,27.9,yuksek,Bu seranin normal calisma araliginin ustune cikiyor,Havalandirmayi artir veya perde ile golgele,Havalandirma nem ve CO2 kaybina yol acar,KALITATIF,"kapsama 0.93, aralik/deger %25",5.406,"veri (sera p5-p95, mevsim ici)"
Tair,3h,Reference,ZARF,tumu,Tair < 16.000,16.0,dusuk,Bu seranin normal calisma araliginin altina iniyor,Isitmayi artir veya enerji perdesini kapat,Isitma en buyuk enerji kalemidir (bkz. strateji raporu),KALITATIF,"kapsama 0.93, aralik/deger %25",5.406,veri (sera p5-p95)
Tair,3h,Reference,ZARF,tumu,Tair > 27.900,27.9,yuksek,Bu seranin normal calisma araliginin ustune cikiyor,Havalandirmayi artir veya perde ile golgele,Havalandirma nem ve CO2 kaybina yol acar,KALITATIF,"kapsama 0.93, aralik/deger %25",5.406,veri (sera p5-p95)
Tair,3h,TUMU,HASAR,tumu,Tair < 10.0,10.0,dusuk,"Dusuk sicaklikta buyume durur, soguk hasari riski",Isitmayi artir veya enerji perdesini kapat,Isitma en buyuk enerji kalemidir (bkz. strateji raporu),KALITATIF,"kapsama 0.93, aralik/deger %25",5.406,literatur (TASLAK — teyit edilecek)
Tair,3h,TUMU,HASAR,tumu,Tair > 35.0,35.0,yuksek,Yuksek sicaklikta protein denaturasyonu ve polen sterilitesi,Havalandirmayi artir veya perde ile golgele,Havalandirma nem ve CO2 kaybina yol acar,KALITATIF,"kapsama 0.93, aralik/deger %25",5.406,literatur (TASLAK — teyit edilecek)
Tair,3h,TheAutomators,ZARF,ilkbahar,Tair < 16.800,16.8,dusuk,Bu seranin normal calisma araliginin altina iniyor,Isitmayi artir veya enerji perdesini kapat,Isitma en buyuk enerji kalemidir (bkz. strateji raporu),KALITATIF,"kapsama 0.93, aralik/deger %25",5.406,"veri (sera p5-p95, mevsim ici)"
Tair,3h,TheAutomators,ZARF,ilkbahar,Tair > 27.200,27.2,yuksek,Bu seranin normal calisma araliginin ustune cikiyor,Havalandirmayi artir veya perde ile golgele,Havalandirma nem ve CO2 kaybina yol acar,KALITATIF,"kapsama 0.93, aralik/deger %25",5.406,"veri (sera p5-p95, mevsim ici)"
Tair,3h,TheAutomators,ZARF,kis,Tair < 16.900,16.9,dusuk,Bu seranin normal calisma araliginin altina iniyor,Isitmayi artir veya enerji perdesini kapat,Isitma en buyuk enerji kalemidir (bkz. strateji raporu),KALITATIF,"kapsama 0.93, aralik/deger %25",5.406,"veri (sera p5-p95, mevsim ici)"
Tair,3h,TheAutomators,ZARF,kis,Tair > 23.900,23.9,yuksek,Bu seranin normal calisma araliginin ustune cikiyor,Havalandirmayi artir veya perde ile golgele,Havalandirma nem ve CO2 kaybina yol acar,KALITATIF,"kapsama 0.93, aralik/deger %25",5.406,"veri (sera p5-p95, mevsim ici)"
Tair,3h,TheAutomators,ZARF,tumu,Tair < 16.900,16.9,dusuk,Bu seranin normal calisma araliginin altina iniyor,Isitmayi artir veya enerji perdesini kapat,Isitma en buyuk enerji kalemidir (bkz. strateji raporu),KALITATIF,"kapsama 0.93, aralik/deger %25",5.406,veri (sera p5-p95)
Tair,3h,TheAutomators,ZARF,tumu,Tair > 26.600,26.6,yuksek,Bu seranin normal calisma araliginin ustune cikiyor,Havalandirmayi artir veya perde ile golgele,Havalandirma nem ve CO2 kaybina yol acar,KALITATIF,"kapsama 0.93, aralik/deger %25",5.406,veri (sera p5-p95)
Tair,6h,AICU,ZARF,ilkbahar,Tair < 18.000,18.0,dusuk,Bu seranin normal calisma araliginin altina iniyor,Isitmayi artir veya enerji perdesini kapat,Isitma en buyuk enerji kalemidir (bkz. strateji raporu),KALITATIF,"kapsama 0.91, aralik/deger %27",5.829,"veri (sera p5-p95, mevsim ici)"
Tair,6h,AICU,ZARF,ilkbahar,Tair > 28.600,28.6,yuksek,Bu seranin normal calisma araliginin ustune cikiyor,Havalandirmayi artir veya perde ile golgele,Havalandirma nem ve CO2 kaybina yol acar,KALITATIF,"kapsama 0.91, aralik/deger %27",5.829,"veri (sera p5-p95, mevsim ici)"
Tair,6h,AICU,ZARF,kis,Tair < 17.900,17.9,dusuk,Bu seranin normal calisma araliginin altina iniyor,Isitmayi artir veya enerji perdesini kapat,Isitma en buyuk enerji kalemidir (bkz. strateji raporu),KALITATIF,"kapsama 0.91, aralik/deger %27",5.829,"veri (sera p5-p95, mevsim ici)"
Tair,6h,AICU,ZARF,kis,Tair > 24.800,24.8,yuksek,Bu seranin normal calisma araliginin ustune cikiyor,Havalandirmayi artir veya perde ile golgele,Havalandirma nem ve CO2 kaybina yol acar,KALITATIF,"kapsama 0.91, aralik/deger %27",5.829,"veri (sera p5-p95, mevsim ici)"
Tair,6h,AICU,ZARF,tumu,Tair < 17.900,17.9,dusuk,Bu seranin normal calisma araliginin altina iniyor,Isitmayi artir veya enerji perdesini kapat,Isitma en buyuk enerji kalemidir (bkz. strateji raporu),KALITATIF,"kapsama 0.91, aralik/deger %27",5.829,veri (sera p5-p95)
Tair,6h,AICU,ZARF,tumu,Tair > 27.900,27.9,yuksek,Bu seranin normal calisma araliginin ustune cikiyor,Havalandirmayi artir veya perde ile golgele,Havalandirma nem ve CO2 kaybina yol acar,KALITATIF,"kapsama 0.91, aralik/deger %27",5.829,veri (sera p5-p95)
Tair,6h,Automatoes,ZARF,ilkbahar,Tair < 17.000,17.0,dusuk,Bu seranin normal calisma araliginin altina iniyor,Isitmayi artir veya enerji perdesini kapat,Isitma en buyuk enerji kalemidir (bkz. strateji raporu),KALITATIF,"kapsama 0.91, aralik/deger %27",5.829,"veri (sera p5-p95, mevsim ici)"
Tair,6h,Automatoes,ZARF,ilkbahar,Tair > 32.500,32.5,yuksek,Bu seranin normal calisma araliginin ustune cikiyor,Havalandirmayi artir veya perde ile golgele,Havalandirma nem ve CO2 kaybina yol acar,KALITATIF,"kapsama 0.91, aralik/deger %27",5.829,"veri (sera p5-p95, mevsim ici)"
Tair,6h,Automatoes,ZARF,kis,Tair < 16.000,16.0,dusuk,Bu seranin normal calisma araliginin altina iniyor,Isitmayi artir veya enerji perdesini kapat,Isitma en buyuk enerji kalemidir (bkz. strateji raporu),KALITATIF,"kapsama 0.91, aralik/deger %27",5.829,"veri (sera p5-p95, mevsim ici)"
Tair,6h,Automatoes,ZARF,kis,Tair > 26.400,26.4,yuksek,Bu seranin normal calisma araliginin ustune cikiyor,Havalandirmayi artir veya perde ile golgele,Havalandirma nem ve CO2 kaybina yol acar,KALITATIF,"kapsama 0.91, aralik/deger %27",5.829,"veri (sera p5-p95, mevsim ici)"
Tair,6h,Automatoes,ZARF,tumu,Tair < 16.400,16.4,dusuk,Bu seranin normal calisma araliginin altina iniyor,Isitmayi artir veya enerji perdesini kapat,Isitma en buyuk enerji kalemidir (bkz. strateji raporu),KALITATIF,"kapsama 0.91, aralik/deger %27",5.829,veri (sera p5-p95)
Tair,6h,Automatoes,ZARF,tumu,Tair > 31.100,31.1,yuksek,Bu seranin normal calisma araliginin ustune cikiyor,Havalandirmayi artir veya perde ile golgele,Havalandirma nem ve CO2 kaybina yol acar,KALITATIF,"kapsama 0.91, aralik/deger %27",5.829,veri (sera p5-p95)
Tair,6h,Digilog,ZARF,ilkbahar,Tair < 17.700,17.7,dusuk,Bu seranin normal calisma araliginin altina iniyor,Isitmayi artir veya enerji perdesini kapat,Isitma en buyuk enerji kalemidir (bkz. strateji raporu),KALITATIF,"kapsama 0.91, aralik/deger %27",5.829,"veri (sera p5-p95, mevsim ici)"
Tair,6h,Digilog,ZARF,ilkbahar,Tair > 31.700,31.7,yuksek,Bu seranin normal calisma araliginin ustune cikiyor,Havalandirmayi artir veya perde ile golgele,Havalandirma nem ve CO2 kaybina yol acar,KALITATIF,"kapsama 0.91, aralik/deger %27",5.829,"veri (sera p5-p95, mevsim ici)"
Tair,6h,Digilog,ZARF,kis,Tair < 16.700,16.7,dusuk,Bu seranin normal calisma araliginin altina iniyor,Isitmayi artir veya enerji perdesini kapat,Isitma en buyuk enerji kalemidir (bkz. strateji raporu),KALITATIF,"kapsama 0.91, aralik/deger %27",5.829,"veri (sera p5-p95, mevsim ici)"
Tair,6h,Digilog,ZARF,kis,Tair > 23.900,23.9,yuksek,Bu seranin normal calisma araliginin ustune cikiyor,Havalandirmayi artir veya perde ile golgele,Havalandirma nem ve CO2 kaybina yol acar,KALITATIF,"kapsama 0.91, aralik/deger %27",5.829,"veri (sera p5-p95, mevsim ici)"
Tair,6h,Digilog,ZARF,tumu,Tair < 17.300,17.3,dusuk,Bu seranin normal calisma araliginin altina iniyor,Isitmayi artir veya enerji perdesini kapat,Isitma en buyuk enerji kalemidir (bkz. strateji raporu),KALITATIF,"kapsama 0.91, aralik/deger %27",5.829,veri (sera p5-p95)
Tair,6h,Digilog,ZARF,tumu,Tair > 28.200,28.2,yuksek,Bu seranin normal calisma araliginin ustune cikiyor,Havalandirmayi artir veya perde ile golgele,Havalandirma nem ve CO2 kaybina yol acar,KALITATIF,"kapsama 0.91, aralik/deger %27",5.829,veri (sera p5-p95)
Tair,6h,IUACAAS,ZARF,ilkbahar,Tair < 15.800,15.8,dusuk,Bu seranin normal calisma araliginin altina iniyor,Isitmayi artir veya enerji perdesini kapat,Isitma en buyuk enerji kalemidir (bkz. strateji raporu),KALITATIF,"kapsama 0.91, aralik/deger %27",5.829,"veri (sera p5-p95, mevsim ici)"
Tair,6h,IUACAAS,ZARF,ilkbahar,Tair > 29.200,29.2,yuksek,Bu seranin normal calisma araliginin ustune cikiyor,Havalandirmayi artir veya perde ile golgele,Havalandirma nem ve CO2 kaybina yol acar,KALITATIF,"kapsama 0.91, aralik/deger %27",5.829,"veri (sera p5-p95, mevsim ici)"
Tair,6h,IUACAAS,ZARF,kis,Tair < 15.500,15.5,dusuk,Bu seranin normal calisma araliginin altina iniyor,Isitmayi artir veya enerji perdesini kapat,Isitma en buyuk enerji kalemidir (bkz. strateji raporu),KALITATIF,"kapsama 0.91, aralik/deger %27",5.829,"veri (sera p5-p95, mevsim ici)"
Tair,6h,IUACAAS,ZARF,kis,Tair > 26.200,26.2,yuksek,Bu seranin normal calisma araliginin ustune cikiyor,Havalandirmayi artir veya perde ile golgele,Havalandirma nem ve CO2 kaybina yol acar,KALITATIF,"kapsama 0.91, aralik/deger %27",5.829,"veri (sera p5-p95, mevsim ici)"
Tair,6h,IUACAAS,ZARF,tumu,Tair < 15.700,15.7,dusuk,Bu seranin normal calisma araliginin altina iniyor,Isitmayi artir veya enerji perdesini kapat,Isitma en buyuk enerji kalemidir (bkz. strateji raporu),KALITATIF,"kapsama 0.91, aralik/deger %27",5.829,veri (sera p5-p95)
Tair,6h,IUACAAS,ZARF,tumu,Tair > 28.400,28.4,yuksek,Bu seranin normal calisma araliginin ustune cikiyor,Havalandirmayi artir veya perde ile golgele,Havalandirma nem ve CO2 kaybina yol acar,KALITATIF,"kapsama 0.91, aralik/deger %27",5.829,veri (sera p5-p95)
Tair,6h,Reference,ZARF,ilkbahar,Tair < 17.200,17.2,dusuk,Bu seranin normal calisma araliginin altina iniyor,Isitmayi artir veya enerji perdesini kapat,Isitma en buyuk enerji kalemidir (bkz. strateji raporu),KALITATIF,"kapsama 0.91, aralik/deger %27",5.829,"veri (sera p5-p95, mevsim ici)"
Tair,6h,Reference,ZARF,ilkbahar,Tair > 28.000,28.0,yuksek,Bu seranin normal calisma araliginin ustune cikiyor,Havalandirmayi artir veya perde ile golgele,Havalandirma nem ve CO2 kaybina yol acar,KALITATIF,"kapsama 0.91, aralik/deger %27",5.829,"veri (sera p5-p95, mevsim ici)"
Tair,6h,Reference,ZARF,kis,Tair < 15.000,15.0,dusuk,Bu seranin normal calisma araliginin altina iniyor,Isitmayi artir veya enerji perdesini kapat,Isitma en buyuk enerji kalemidir (bkz. strateji raporu),KALITATIF,"kapsama 0.91, aralik/deger %27",5.829,"veri (sera p5-p95, mevsim ici)"
Tair,6h,Reference,ZARF,kis,Tair > 27.900,27.9,yuksek,Bu seranin normal calisma araliginin ustune cikiyor,Havalandirmayi artir veya perde ile golgele,Havalandirma nem ve CO2 kaybina yol acar,KALITATIF,"kapsama 0.91, aralik/deger %27",5.829,"veri (sera p5-p95, mevsim ici)"
Tair,6h,Reference,ZARF,tumu,Tair < 16.000,16.0,dusuk,Bu seranin normal calisma araliginin altina iniyor,Isitmayi artir veya enerji perdesini kapat,Isitma en buyuk enerji kalemidir (bkz. strateji raporu),KALITATIF,"kapsama 0.91, aralik/deger %27",5.829,veri (sera p5-p95)
Tair,6h,Reference,ZARF,tumu,Tair > 27.900,27.9,yuksek,Bu seranin normal calisma araliginin ustune cikiyor,Havalandirmayi artir veya perde ile golgele,Havalandirma nem ve CO2 kaybina yol acar,KALITATIF,"kapsama 0.91, aralik/deger %27",5.829,veri (sera p5-p95)
Tair,6h,TUMU,HASAR,tumu,Tair < 10.0,10.0,dusuk,"Dusuk sicaklikta buyume durur, soguk hasari riski",Isitmayi artir veya enerji perdesini kapat,Isitma en buyuk enerji kalemidir (bkz. strateji raporu),KALITATIF,"kapsama 0.91, aralik/deger %27",5.829,literatur (TASLAK — teyit edilecek)
Tair,6h,TUMU,HASAR,tumu,Tair > 35.0,35.0,yuksek,Yuksek sicaklikta protein denaturasyonu ve polen sterilitesi,Havalandirmayi artir veya perde ile golgele,Havalandirma nem ve CO2 kaybina yol acar,KALITATIF,"kapsama 0.91, aralik/deger %27",5.829,literatur (TASLAK — teyit edilecek)
Tair,6h,TheAutomators,ZARF,ilkbahar,Tair < 16.800,16.8,dusuk,Bu seranin normal calisma araliginin altina iniyor,Isitmayi artir veya enerji perdesini kapat,Isitma en buyuk enerji kalemidir (bkz. strateji raporu),KALITATIF,"kapsama 0.91, aralik/deger %27",5.829,"veri (sera p5-p95, mevsim ici)"
Tair,6h,TheAutomators,ZARF,ilkbahar,Tair > 27.200,27.2,yuksek,Bu seranin normal calisma araliginin ustune cikiyor,Havalandirmayi artir veya perde ile golgele,Havalandirma nem ve CO2 kaybina yol acar,KALITATIF,"kapsama 0.91, aralik/deger %27",5.829,"veri (sera p5-p95, mevsim ici)"
Tair,6h,TheAutomators,ZARF,kis,Tair < 16.900,16.9,dusuk,Bu seranin normal calisma araliginin altina iniyor,Isitmayi artir veya enerji perdesini kapat,Isitma en buyuk enerji kalemidir (bkz. strateji raporu),KALITATIF,"kapsama 0.91, aralik/deger %27",5.829,"veri (sera p5-p95, mevsim ici)"
Tair,6h,TheAutomators,ZARF,kis,Tair > 23.900,23.9,yuksek,Bu seranin normal calisma araliginin ustune cikiyor,Havalandirmayi artir veya perde ile golgele,Havalandirma nem ve CO2 kaybina yol acar,KALITATIF,"kapsama 0.91, aralik/deger %27",5.829,"veri (sera p5-p95, mevsim ici)"
Tair,6h,TheAutomators,ZARF,tumu,Tair < 16.900,16.9,dusuk,Bu seranin normal calisma araliginin altina iniyor,Isitmayi artir veya enerji perdesini kapat,Isitma en buyuk enerji kalemidir (bkz. strateji raporu),KALITATIF,"kapsama 0.91, aralik/deger %27",5.829,veri (sera p5-p95)
Tair,6h,TheAutomators,ZARF,tumu,Tair > 26.600,26.6,yuksek,Bu seranin normal calisma araliginin ustune cikiyor,Havalandirmayi artir veya perde ile golgele,Havalandirma nem ve CO2 kaybina yol acar,KALITATIF,"kapsama 0.91, aralik/deger %27",5.829,veri (sera p5-p95)
Tot_PAR,3h,AICU,ZARF,ilkbahar,Tot_PAR < 0.000,0.0,dusuk,Bu seranin normal calisma araliginin altina iniyor,— aksiyon tanimlanmadi,—,KAPSAM_DISI,aralik/deger orani %369 — degerlendirilmez,726.95,"veri (sera p5-p95, mevsim ici)"
Tot_PAR,3h,AICU,ZARF,ilkbahar,Tot_PAR > 738.000,738.0,yuksek,Bu seranin normal calisma araliginin ustune cikiyor,— aksiyon tanimlanmadi,—,KAPSAM_DISI,aralik/deger orani %369 — degerlendirilmez,726.95,"veri (sera p5-p95, mevsim ici)"
Tot_PAR,3h,AICU,ZARF,kis,Tot_PAR < 0.000,0.0,dusuk,Bu seranin normal calisma araliginin altina iniyor,— aksiyon tanimlanmadi,—,KAPSAM_DISI,aralik/deger orani %369 — degerlendirilmez,726.95,"veri (sera p5-p95, mevsim ici)"
Tot_PAR,3h,AICU,ZARF,kis,Tot_PAR > 341.650,341.65,yuksek,Bu seranin normal calisma araliginin ustune cikiyor,— aksiyon tanimlanmadi,—,KAPSAM_DISI,aralik/deger orani %369 — degerlendirilmez,726.95,"veri (sera p5-p95, mevsim ici)"
Tot_PAR,3h,AICU,ZARF,tumu,Tot_PAR < 0.000,0.0,dusuk,Bu seranin normal calisma araliginin altina iniyor,— aksiyon tanimlanmadi,—,KAPSAM_DISI,aralik/deger orani %369 — degerlendirilmez,726.95,veri (sera p5-p95)
Tot_PAR,3h,AICU,ZARF,tumu,Tot_PAR > 670.000,670.0,yuksek,Bu seranin normal calisma araliginin ustune cikiyor,— aksiyon tanimlanmadi,—,KAPSAM_DISI,aralik/deger orani %369 — degerlendirilmez,726.95,veri (sera p5-p95)
Tot_PAR,3h,Automatoes,ZARF,ilkbahar,Tot_PAR < 0.000,0.0,dusuk,Bu seranin normal calisma araliginin altina iniyor,— aksiyon tanimlanmadi,—,KAPSAM_DISI,aralik/deger orani %369 — degerlendirilmez,726.95,"veri (sera p5-p95, mevsim ici)"
Tot_PAR,3h,Automatoes,ZARF,ilkbahar,Tot_PAR > 722.000,722.0,yuksek,Bu seranin normal calisma araliginin ustune cikiyor,— aksiyon tanimlanmadi,—,KAPSAM_DISI,aralik/deger orani %369 — degerlendirilmez,726.95,"veri (sera p5-p95, mevsim ici)"
Tot_PAR,3h,Automatoes,ZARF,kis,Tot_PAR < 0.000,0.0,dusuk,Bu seranin normal calisma araliginin altina iniyor,— aksiyon tanimlanmadi,—,KAPSAM_DISI,aralik/deger orani %369 — degerlendirilmez,726.95,"veri (sera p5-p95, mevsim ici)"
Tot_PAR,3h,Automatoes,ZARF,kis,Tot_PAR > 362.000,362.0,yuksek,Bu seranin normal calisma araliginin ustune cikiyor,— aksiyon tanimlanmadi,—,KAPSAM_DISI,aralik/deger orani %369 — degerlendirilmez,726.95,"veri (sera p5-p95, mevsim ici)"
Tot_PAR,3h,Automatoes,ZARF,tumu,Tot_PAR < 0.000,0.0,dusuk,Bu seranin normal calisma araliginin altina iniyor,— aksiyon tanimlanmadi,—,KAPSAM_DISI,aralik/deger orani %369 — degerlendirilmez,726.95,veri (sera p5-p95)
Tot_PAR,3h,Automatoes,ZARF,tumu,Tot_PAR > 655.000,655.0,yuksek,Bu seranin normal calisma araliginin ustune cikiyor,— aksiyon tanimlanmadi,—,KAPSAM_DISI,aralik/deger orani %369 — degerlendirilmez,726.95,veri (sera p5-p95)
Tot_PAR,3h,Digilog,ZARF,ilkbahar,Tot_PAR < 0.000,0.0,dusuk,Bu seranin normal calisma araliginin altina iniyor,— aksiyon tanimlanmadi,—,KAPSAM_DISI,aralik/deger orani %369 — degerlendirilmez,726.95,"veri (sera p5-p95, mevsim ici)"
Tot_PAR,3h,Digilog,ZARF,ilkbahar,Tot_PAR > 799.000,799.0,yuksek,Bu seranin normal calisma araliginin ustune cikiyor,— aksiyon tanimlanmadi,—,KAPSAM_DISI,aralik/deger orani %369 — degerlendirilmez,726.95,"veri (sera p5-p95, mevsim ici)"
Tot_PAR,3h,Digilog,ZARF,kis,Tot_PAR < 0.000,0.0,dusuk,Bu seranin normal calisma araliginin altina iniyor,— aksiyon tanimlanmadi,—,KAPSAM_DISI,aralik/deger orani %369 — degerlendirilmez,726.95,"veri (sera p5-p95, mevsim ici)"
Tot_PAR,3h,Digilog,ZARF,kis,Tot_PAR > 377.000,377.0,yuksek,Bu seranin normal calisma araliginin ustune cikiyor,— aksiyon tanimlanmadi,—,KAPSAM_DISI,aralik/deger orani %369 — degerlendirilmez,726.95,"veri (sera p5-p95, mevsim ici)"
Tot_PAR,3h,Digilog,ZARF,tumu,Tot_PAR < 0.000,0.0,dusuk,Bu seranin normal calisma araliginin altina iniyor,— aksiyon tanimlanmadi,—,KAPSAM_DISI,aralik/deger orani %369 — degerlendirilmez,726.95,veri (sera p5-p95)
Tot_PAR,3h,Digilog,ZARF,tumu,Tot_PAR > 720.000,720.0,yuksek,Bu seranin normal calisma araliginin ustune cikiyor,— aksiyon tanimlanmadi,—,KAPSAM_DISI,aralik/deger orani %369 — degerlendirilmez,726.95,veri (sera p5-p95)
Tot_PAR,3h,IUACAAS,ZARF,ilkbahar,Tot_PAR < 0.000,0.0,dusuk,Bu seranin normal calisma araliginin altina iniyor,— aksiyon tanimlanmadi,—,KAPSAM_DISI,aralik/deger orani %369 — degerlendirilmez,726.95,"veri (sera p5-p95, mevsim ici)"
Tot_PAR,3h,IUACAAS,ZARF,ilkbahar,Tot_PAR > 845.000,845.0,yuksek,Bu seranin normal calisma araliginin ustune cikiyor,— aksiyon tanimlanmadi,—,KAPSAM_DISI,aralik/deger orani %369 — degerlendirilmez,726.95,"veri (sera p5-p95, mevsim ici)"
Tot_PAR,3h,IUACAAS,ZARF,kis,Tot_PAR < 0.000,0.0,dusuk,Bu seranin normal calisma araliginin altina iniyor,— aksiyon tanimlanmadi,—,KAPSAM_DISI,aralik/deger orani %369 — degerlendirilmez,726.95,"veri (sera p5-p95, mevsim ici)"
Tot_PAR,3h,IUACAAS,ZARF,kis,Tot_PAR > 380.000,380.0,yuksek,Bu seranin normal calisma araliginin ustune cikiyor,— aksiyon tanimlanmadi,—,KAPSAM_DISI,aralik/deger orani %369 — degerlendirilmez,726.95,"veri (sera p5-p95, mevsim ici)"
Tot_PAR,3h,IUACAAS,ZARF,tumu,Tot_PAR < 0.000,0.0,dusuk,Bu seranin normal calisma araliginin altina iniyor,— aksiyon tanimlanmadi,—,KAPSAM_DISI,aralik/deger orani %369 — degerlendirilmez,726.95,veri (sera p5-p95)
Tot_PAR,3h,IUACAAS,ZARF,tumu,Tot_PAR > 772.000,772.0,yuksek,Bu seranin normal calisma araliginin ustune cikiyor,— aksiyon tanimlanmadi,—,KAPSAM_DISI,aralik/deger orani %369 — degerlendirilmez,726.95,veri (sera p5-p95)
Tot_PAR,3h,Reference,ZARF,ilkbahar,Tot_PAR < 0.000,0.0,dusuk,Bu seranin normal calisma araliginin altina iniyor,— aksiyon tanimlanmadi,—,KAPSAM_DISI,aralik/deger orani %369 — degerlendirilmez,726.95,"veri (sera p5-p95, mevsim ici)"
Tot_PAR,3h,Reference,ZARF,ilkbahar,Tot_PAR > 755.550,755.55,yuksek,Bu seranin normal calisma araliginin ustune cikiyor,— aksiyon tanimlanmadi,—,KAPSAM_DISI,aralik/deger orani %369 — degerlendirilmez,726.95,"veri (sera p5-p95, mevsim ici)"
Tot_PAR,3h,Reference,ZARF,kis,Tot_PAR < 0.000,0.0,dusuk,Bu seranin normal calisma araliginin altina iniyor,— aksiyon tanimlanmadi,—,KAPSAM_DISI,aralik/deger orani %369 — degerlendirilmez,726.95,"veri (sera p5-p95, mevsim ici)"
Tot_PAR,3h,Reference,ZARF,kis,Tot_PAR > 378.000,378.0,yuksek,Bu seranin normal calisma araliginin ustune cikiyor,— aksiyon tanimlanmadi,—,KAPSAM_DISI,aralik/deger orani %369 — degerlendirilmez,726.95,"veri (sera p5-p95, mevsim ici)"
Tot_PAR,3h,Reference,ZARF,tumu,Tot_PAR < 0.000,0.0,dusuk,Bu seranin normal calisma araliginin altina iniyor,— aksiyon tanimlanmadi,—,KAPSAM_DISI,aralik/deger orani %369 — degerlendirilmez,726.95,veri (sera p5-p95)
Tot_PAR,3h,Reference,ZARF,tumu,Tot_PAR > 682.000,682.0,yuksek,Bu seranin normal calisma araliginin ustune cikiyor,— aksiyon tanimlanmadi,—,KAPSAM_DISI,aralik/deger orani %369 — degerlendirilmez,726.95,veri (sera p5-p95)
Tot_PAR,3h,TheAutomators,ZARF,ilkbahar,Tot_PAR < 0.000,0.0,dusuk,Bu seranin normal calisma araliginin altina iniyor,— aksiyon tanimlanmadi,—,KAPSAM_DISI,aralik/deger orani %369 — degerlendirilmez,726.95,"veri (sera p5-p95, mevsim ici)"
Tot_PAR,3h,TheAutomators,ZARF,ilkbahar,Tot_PAR > 789.000,789.0,yuksek,Bu seranin normal calisma araliginin ustune cikiyor,— aksiyon tanimlanmadi,—,KAPSAM_DISI,aralik/deger orani %369 — degerlendirilmez,726.95,"veri (sera p5-p95, mevsim ici)"
Tot_PAR,3h,TheAutomators,ZARF,kis,Tot_PAR < 0.000,0.0,dusuk,Bu seranin normal calisma araliginin altina iniyor,— aksiyon tanimlanmadi,—,KAPSAM_DISI,aralik/deger orani %369 — degerlendirilmez,726.95,"veri (sera p5-p95, mevsim ici)"
Tot_PAR,3h,TheAutomators,ZARF,kis,Tot_PAR > 353.000,353.0,yuksek,Bu seranin normal calisma araliginin ustune cikiyor,— aksiyon tanimlanmadi,—,KAPSAM_DISI,aralik/deger orani %369 — degerlendirilmez,726.95,"veri (sera p5-p95, mevsim ici)"
Tot_PAR,3h,TheAutomators,ZARF,tumu,Tot_PAR < 0.000,0.0,dusuk,Bu seranin normal calisma araliginin altina iniyor,— aksiyon tanimlanmadi,—,KAPSAM_DISI,aralik/deger orani %369 — degerlendirilmez,726.95,veri (sera p5-p95)
Tot_PAR,3h,TheAutomators,ZARF,tumu,Tot_PAR > 719.000,719.0,yuksek,Bu seranin normal calisma araliginin ustune cikiyor,— aksiyon tanimlanmadi,—,KAPSAM_DISI,aralik/deger orani %369 — degerlendirilmez,726.95,veri (sera p5-p95)
Tot_PAR,6h,AICU,ZARF,ilkbahar,Tot_PAR < 0.000,0.0,dusuk,Bu seranin normal calisma araliginin altina iniyor,— aksiyon tanimlanmadi,—,KAPSAM_DISI,aralik/deger orani %427 — degerlendirilmez,841.667,"veri (sera p5-p95, mevsim ici)"
Tot_PAR,6h,AICU,ZARF,ilkbahar,Tot_PAR > 738.000,738.0,yuksek,Bu seranin normal calisma araliginin ustune cikiyor,— aksiyon tanimlanmadi,—,KAPSAM_DISI,aralik/deger orani %427 — degerlendirilmez,841.667,"veri (sera p5-p95, mevsim ici)"
Tot_PAR,6h,AICU,ZARF,kis,Tot_PAR < 0.000,0.0,dusuk,Bu seranin normal calisma araliginin altina iniyor,— aksiyon tanimlanmadi,—,KAPSAM_DISI,aralik/deger orani %427 — degerlendirilmez,841.667,"veri (sera p5-p95, mevsim ici)"
Tot_PAR,6h,AICU,ZARF,kis,Tot_PAR > 341.650,341.65,yuksek,Bu seranin normal calisma araliginin ustune cikiyor,— aksiyon tanimlanmadi,—,KAPSAM_DISI,aralik/deger orani %427 — degerlendirilmez,841.667,"veri (sera p5-p95, mevsim ici)"
Tot_PAR,6h,AICU,ZARF,tumu,Tot_PAR < 0.000,0.0,dusuk,Bu seranin normal calisma araliginin altina iniyor,— aksiyon tanimlanmadi,—,KAPSAM_DISI,aralik/deger orani %427 — degerlendirilmez,841.667,veri (sera p5-p95)
Tot_PAR,6h,AICU,ZARF,tumu,Tot_PAR > 670.000,670.0,yuksek,Bu seranin normal calisma araliginin ustune cikiyor,— aksiyon tanimlanmadi,—,KAPSAM_DISI,aralik/deger orani %427 — degerlendirilmez,841.667,veri (sera p5-p95)
Tot_PAR,6h,Automatoes,ZARF,ilkbahar,Tot_PAR < 0.000,0.0,dusuk,Bu seranin normal calisma araliginin altina iniyor,— aksiyon tanimlanmadi,—,KAPSAM_DISI,aralik/deger orani %427 — degerlendirilmez,841.667,"veri (sera p5-p95, mevsim ici)"
Tot_PAR,6h,Automatoes,ZARF,ilkbahar,Tot_PAR > 722.000,722.0,yuksek,Bu seranin normal calisma araliginin ustune cikiyor,— aksiyon tanimlanmadi,—,KAPSAM_DISI,aralik/deger orani %427 — degerlendirilmez,841.667,"veri (sera p5-p95, mevsim ici)"
Tot_PAR,6h,Automatoes,ZARF,kis,Tot_PAR < 0.000,0.0,dusuk,Bu seranin normal calisma araliginin altina iniyor,— aksiyon tanimlanmadi,—,KAPSAM_DISI,aralik/deger orani %427 — degerlendirilmez,841.667,"veri (sera p5-p95, mevsim ici)"
Tot_PAR,6h,Automatoes,ZARF,kis,Tot_PAR > 362.000,362.0,yuksek,Bu seranin normal calisma araliginin ustune cikiyor,— aksiyon tanimlanmadi,—,KAPSAM_DISI,aralik/deger orani %427 — degerlendirilmez,841.667,"veri (sera p5-p95, mevsim ici)"
Tot_PAR,6h,Automatoes,ZARF,tumu,Tot_PAR < 0.000,0.0,dusuk,Bu seranin normal calisma araliginin altina iniyor,— aksiyon tanimlanmadi,—,KAPSAM_DISI,aralik/deger orani %427 — degerlendirilmez,841.667,veri (sera p5-p95)
Tot_PAR,6h,Automatoes,ZARF,tumu,Tot_PAR > 655.000,655.0,yuksek,Bu seranin normal calisma araliginin ustune cikiyor,— aksiyon tanimlanmadi,—,KAPSAM_DISI,aralik/deger orani %427 — degerlendirilmez,841.667,veri (sera p5-p95)
Tot_PAR,6h,Digilog,ZARF,ilkbahar,Tot_PAR < 0.000,0.0,dusuk,Bu seranin normal calisma araliginin altina iniyor,— aksiyon tanimlanmadi,—,KAPSAM_DISI,aralik/deger orani %427 — degerlendirilmez,841.667,"veri (sera p5-p95, mevsim ici)"
Tot_PAR,6h,Digilog,ZARF,ilkbahar,Tot_PAR > 799.000,799.0,yuksek,Bu seranin normal calisma araliginin ustune cikiyor,— aksiyon tanimlanmadi,—,KAPSAM_DISI,aralik/deger orani %427 — degerlendirilmez,841.667,"veri (sera p5-p95, mevsim ici)"
Tot_PAR,6h,Digilog,ZARF,kis,Tot_PAR < 0.000,0.0,dusuk,Bu seranin normal calisma araliginin altina iniyor,— aksiyon tanimlanmadi,—,KAPSAM_DISI,aralik/deger orani %427 — degerlendirilmez,841.667,"veri (sera p5-p95, mevsim ici)"
Tot_PAR,6h,Digilog,ZARF,kis,Tot_PAR > 377.000,377.0,yuksek,Bu seranin normal calisma araliginin ustune cikiyor,— aksiyon tanimlanmadi,—,KAPSAM_DISI,aralik/deger orani %427 — degerlendirilmez,841.667,"veri (sera p5-p95, mevsim ici)"
Tot_PAR,6h,Digilog,ZARF,tumu,Tot_PAR < 0.000,0.0,dusuk,Bu seranin normal calisma araliginin altina iniyor,— aksiyon tanimlanmadi,—,KAPSAM_DISI,aralik/deger orani %427 — degerlendirilmez,841.667,veri (sera p5-p95)
Tot_PAR,6h,Digilog,ZARF,tumu,Tot_PAR > 720.000,720.0,yuksek,Bu seranin normal calisma araliginin ustune cikiyor,— aksiyon tanimlanmadi,—,KAPSAM_DISI,aralik/deger orani %427 — degerlendirilmez,841.667,veri (sera p5-p95)
Tot_PAR,6h,IUACAAS,ZARF,ilkbahar,Tot_PAR < 0.000,0.0,dusuk,Bu seranin normal calisma araliginin altina iniyor,— aksiyon tanimlanmadi,—,KAPSAM_DISI,aralik/deger orani %427 — degerlendirilmez,841.667,"veri (sera p5-p95, mevsim ici)"
Tot_PAR,6h,IUACAAS,ZARF,ilkbahar,Tot_PAR > 845.000,845.0,yuksek,Bu seranin normal calisma araliginin ustune cikiyor,— aksiyon tanimlanmadi,—,KAPSAM_DISI,aralik/deger orani %427 — degerlendirilmez,841.667,"veri (sera p5-p95, mevsim ici)"
Tot_PAR,6h,IUACAAS,ZARF,kis,Tot_PAR < 0.000,0.0,dusuk,Bu seranin normal calisma araliginin altina iniyor,— aksiyon tanimlanmadi,—,KAPSAM_DISI,aralik/deger orani %427 — degerlendirilmez,841.667,"veri (sera p5-p95, mevsim ici)"
Tot_PAR,6h,IUACAAS,ZARF,kis,Tot_PAR > 380.000,380.0,yuksek,Bu seranin normal calisma araliginin ustune cikiyor,— aksiyon tanimlanmadi,—,KAPSAM_DISI,aralik/deger orani %427 — degerlendirilmez,841.667,"veri (sera p5-p95, mevsim ici)"
Tot_PAR,6h,IUACAAS,ZARF,tumu,Tot_PAR < 0.000,0.0,dusuk,Bu seranin normal calisma araliginin altina iniyor,— aksiyon tanimlanmadi,—,KAPSAM_DISI,aralik/deger orani %427 — degerlendirilmez,841.667,veri (sera p5-p95)
Tot_PAR,6h,IUACAAS,ZARF,tumu,Tot_PAR > 772.000,772.0,yuksek,Bu seranin normal calisma araliginin ustune cikiyor,— aksiyon tanimlanmadi,—,KAPSAM_DISI,aralik/deger orani %427 — degerlendirilmez,841.667,veri (sera p5-p95)
Tot_PAR,6h,Reference,ZARF,ilkbahar,Tot_PAR < 0.000,0.0,dusuk,Bu seranin normal calisma araliginin altina iniyor,— aksiyon tanimlanmadi,—,KAPSAM_DISI,aralik/deger orani %427 — degerlendirilmez,841.667,"veri (sera p5-p95, mevsim ici)"
Tot_PAR,6h,Reference,ZARF,ilkbahar,Tot_PAR > 755.550,755.55,yuksek,Bu seranin normal calisma araliginin ustune cikiyor,— aksiyon tanimlanmadi,—,KAPSAM_DISI,aralik/deger orani %427 — degerlendirilmez,841.667,"veri (sera p5-p95, mevsim ici)"
Tot_PAR,6h,Reference,ZARF,kis,Tot_PAR < 0.000,0.0,dusuk,Bu seranin normal calisma araliginin altina iniyor,— aksiyon tanimlanmadi,—,KAPSAM_DISI,aralik/deger orani %427 — degerlendirilmez,841.667,"veri (sera p5-p95, mevsim ici)"
Tot_PAR,6h,Reference,ZARF,kis,Tot_PAR > 378.000,378.0,yuksek,Bu seranin normal calisma araliginin ustune cikiyor,— aksiyon tanimlanmadi,—,KAPSAM_DISI,aralik/deger orani %427 — degerlendirilmez,841.667,"veri (sera p5-p95, mevsim ici)"
Tot_PAR,6h,Reference,ZARF,tumu,Tot_PAR < 0.000,0.0,dusuk,Bu seranin normal calisma araliginin altina iniyor,— aksiyon tanimlanmadi,—,KAPSAM_DISI,aralik/deger orani %427 — degerlendirilmez,841.667,veri (sera p5-p95)
Tot_PAR,6h,Reference,ZARF,tumu,Tot_PAR > 682.000,682.0,yuksek,Bu seranin normal calisma araliginin ustune cikiyor,— aksiyon tanimlanmadi,—,KAPSAM_DISI,aralik/deger orani %427 — degerlendirilmez,841.667,veri (sera p5-p95)
Tot_PAR,6h,TheAutomators,ZARF,ilkbahar,Tot_PAR < 0.000,0.0,dusuk,Bu seranin normal calisma araliginin altina iniyor,— aksiyon tanimlanmadi,—,KAPSAM_DISI,aralik/deger orani %427 — degerlendirilmez,841.667,"veri (sera p5-p95, mevsim ici)"
Tot_PAR,6h,TheAutomators,ZARF,ilkbahar,Tot_PAR > 789.000,789.0,yuksek,Bu seranin normal calisma araliginin ustune cikiyor,— aksiyon tanimlanmadi,—,KAPSAM_DISI,aralik/deger orani %427 — degerlendirilmez,841.667,"veri (sera p5-p95, mevsim ici)"
Tot_PAR,6h,TheAutomators,ZARF,kis,Tot_PAR < 0.000,0.0,dusuk,Bu seranin normal calisma araliginin altina iniyor,— aksiyon tanimlanmadi,—,KAPSAM_DISI,aralik/deger orani %427 — degerlendirilmez,841.667,"veri (sera p5-p95, mevsim ici)"
Tot_PAR,6h,TheAutomators,ZARF,kis,Tot_PAR > 353.000,353.0,yuksek,Bu seranin normal calisma araliginin ustune cikiyor,— aksiyon tanimlanmadi,—,KAPSAM_DISI,aralik/deger orani %427 — degerlendirilmez,841.667,"veri (sera p5-p95, mevsim ici)"
Tot_PAR,6h,TheAutomators,ZARF,tumu,Tot_PAR < 0.000,0.0,dusuk,Bu seranin normal calisma araliginin altina iniyor,— aksiyon tanimlanmadi,—,KAPSAM_DISI,aralik/deger orani %427 — degerlendirilmez,841.667,veri (sera p5-p95)
Tot_PAR,6h,TheAutomators,ZARF,tumu,Tot_PAR > 719.000,719.0,yuksek,Bu seranin normal calisma araliginin ustune cikiyor,— aksiyon tanimlanmadi,—,KAPSAM_DISI,aralik/deger orani %427 — degerlendirilmez,841.667,veri (sera p5-p95)
WC_slab1,3h,AICU,ZARF,ilkbahar,WC_slab1 < 70.700,70.7,dusuk,Bu seranin normal calisma araliginin altina iniyor,Sulama siklığini artir,Asiri sulama kok bolgesinde oksijen azaltir,KALITATIF,"kapsama 0.92, aralik/deger %10",7.706,"veri (sera p5-p95, mevsim ici)"
WC_slab1,3h,AICU,ZARF,ilkbahar,WC_slab1 > 83.600,83.6,yuksek,Bu seranin normal calisma araliginin ustune cikiyor,"Sulama siklığini azalt, drenaji kontrol et",Ani kesinti su stresi yaratir,KALITATIF,"kapsama 0.92, aralik/deger %10",7.706,"veri (sera p5-p95, mevsim ici)"
WC_slab1,3h,AICU,ZARF,kis,WC_slab1 < 74.500,74.5,dusuk,Bu seranin normal calisma araliginin altina iniyor,Sulama siklığini artir,Asiri sulama kok bolgesinde oksijen azaltir,KALITATIF,"kapsama 0.92, aralik/deger %10",7.706,"veri (sera p5-p95, mevsim ici)"
WC_slab1,3h,AICU,ZARF,kis,WC_slab1 > 94.400,94.4,yuksek,Bu seranin normal calisma araliginin ustune cikiyor,"Sulama siklığini azalt, drenaji kontrol et",Ani kesinti su stresi yaratir,KALITATIF,"kapsama 0.92, aralik/deger %10",7.706,"veri (sera p5-p95, mevsim ici)"
WC_slab1,3h,AICU,ZARF,tumu,WC_slab1 < 71.500,71.5,dusuk,Bu seranin normal calisma araliginin altina iniyor,Sulama siklığini artir,Asiri sulama kok bolgesinde oksijen azaltir,KALITATIF,"kapsama 0.92, aralik/deger %10",7.706,veri (sera p5-p95)
WC_slab1,3h,AICU,ZARF,tumu,WC_slab1 > 93.600,93.6,yuksek,Bu seranin normal calisma araliginin ustune cikiyor,"Sulama siklığini azalt, drenaji kontrol et",Ani kesinti su stresi yaratir,KALITATIF,"kapsama 0.92, aralik/deger %10",7.706,veri (sera p5-p95)
WC_slab1,3h,Automatoes,ZARF,ilkbahar,WC_slab1 < 63.700,63.7,dusuk,Bu seranin normal calisma araliginin altina iniyor,Sulama siklığini artir,Asiri sulama kok bolgesinde oksijen azaltir,KALITATIF,"kapsama 0.92, aralik/deger %10",7.706,"veri (sera p5-p95, mevsim ici)"
WC_slab1,3h,Automatoes,ZARF,ilkbahar,WC_slab1 > 76.700,76.7,yuksek,Bu seranin normal calisma araliginin ustune cikiyor,"Sulama siklığini azalt, drenaji kontrol et",Ani kesinti su stresi yaratir,KALITATIF,"kapsama 0.92, aralik/deger %10",7.706,"veri (sera p5-p95, mevsim ici)"
WC_slab1,3h,Automatoes,ZARF,kis,WC_slab1 < 63.100,63.1,dusuk,Bu seranin normal calisma araliginin altina iniyor,Sulama siklığini artir,Asiri sulama kok bolgesinde oksijen azaltir,KALITATIF,"kapsama 0.92, aralik/deger %10",7.706,"veri (sera p5-p95, mevsim ici)"
WC_slab1,3h,Automatoes,ZARF,kis,WC_slab1 > 91.400,91.4,yuksek,Bu seranin normal calisma araliginin ustune cikiyor,"Sulama siklığini azalt, drenaji kontrol et",Ani kesinti su stresi yaratir,KALITATIF,"kapsama 0.92, aralik/deger %10",7.706,"veri (sera p5-p95, mevsim ici)"
WC_slab1,3h,Automatoes,ZARF,tumu,WC_slab1 < 63.300,63.3,dusuk,Bu seranin normal calisma araliginin altina iniyor,Sulama siklığini artir,Asiri sulama kok bolgesinde oksijen azaltir,KALITATIF,"kapsama 0.92, aralik/deger %10",7.706,veri (sera p5-p95)
WC_slab1,3h,Automatoes,ZARF,tumu,WC_slab1 > 91.100,91.1,yuksek,Bu seranin normal calisma araliginin ustune cikiyor,"Sulama siklığini azalt, drenaji kontrol et",Ani kesinti su stresi yaratir,KALITATIF,"kapsama 0.92, aralik/deger %10",7.706,veri (sera p5-p95)
WC_slab1,3h,Digilog,ZARF,ilkbahar,WC_slab1 < 66.400,66.4,dusuk,Bu seranin normal calisma araliginin altina iniyor,Sulama siklığini artir,Asiri sulama kok bolgesinde oksijen azaltir,KALITATIF,"kapsama 0.92, aralik/deger %10",7.706,"veri (sera p5-p95, mevsim ici)"
WC_slab1,3h,Digilog,ZARF,ilkbahar,WC_slab1 > 91.700,91.7,yuksek,Bu seranin normal calisma araliginin ustune cikiyor,"Sulama siklığini azalt, drenaji kontrol et",Ani kesinti su stresi yaratir,KALITATIF,"kapsama 0.92, aralik/deger %10",7.706,"veri (sera p5-p95, mevsim ici)"
WC_slab1,3h,Digilog,ZARF,kis,WC_slab1 < 71.200,71.2,dusuk,Bu seranin normal calisma araliginin altina iniyor,Sulama siklığini artir,Asiri sulama kok bolgesinde oksijen azaltir,KALITATIF,"kapsama 0.92, aralik/deger %10",7.706,"veri (sera p5-p95, mevsim ici)"
WC_slab1,3h,Digilog,ZARF,kis,WC_slab1 > 94.700,94.7,yuksek,Bu seranin normal calisma araliginin ustune cikiyor,"Sulama siklığini azalt, drenaji kontrol et",Ani kesinti su stresi yaratir,KALITATIF,"kapsama 0.92, aralik/deger %10",7.706,"veri (sera p5-p95, mevsim ici)"
WC_slab1,3h,Digilog,ZARF,tumu,WC_slab1 < 67.500,67.5,dusuk,Bu seranin normal calisma araliginin altina iniyor,Sulama siklığini artir,Asiri sulama kok bolgesinde oksijen azaltir,KALITATIF,"kapsama 0.92, aralik/deger %10",7.706,veri (sera p5-p95)
WC_slab1,3h,Digilog,ZARF,tumu,WC_slab1 > 94.600,94.6,yuksek,Bu seranin normal calisma araliginin ustune cikiyor,"Sulama siklığini azalt, drenaji kontrol et",Ani kesinti su stresi yaratir,KALITATIF,"kapsama 0.92, aralik/deger %10",7.706,veri (sera p5-p95)
WC_slab1,3h,IUACAAS,ZARF,ilkbahar,WC_slab1 < 72.900,72.9,dusuk,Bu seranin normal calisma araliginin altina iniyor,Sulama siklığini artir,Asiri sulama kok bolgesinde oksijen azaltir,KALITATIF,"kapsama 0.92, aralik/deger %10",7.706,"veri (sera p5-p95, mevsim ici)"
WC_slab1,3h,IUACAAS,ZARF,ilkbahar,WC_slab1 > 84.600,84.6,yuksek,Bu seranin normal calisma araliginin ustune cikiyor,"Sulama siklığini azalt, drenaji kontrol et",Ani kesinti su stresi yaratir,KALITATIF,"kapsama 0.92, aralik/deger %10",7.706,"veri (sera p5-p95, mevsim ici)"
WC_slab1,3h,IUACAAS,ZARF,kis,WC_slab1 < 81.700,81.7,dusuk,Bu seranin normal calisma araliginin altina iniyor,Sulama siklığini artir,Asiri sulama kok bolgesinde oksijen azaltir,KALITATIF,"kapsama 0.92, aralik/deger %10",7.706,"veri (sera p5-p95, mevsim ici)"
WC_slab1,3h,IUACAAS,ZARF,kis,WC_slab1 > 94.000,94.0,yuksek,Bu seranin normal calisma araliginin ustune cikiyor,"Sulama siklığini azalt, drenaji kontrol et",Ani kesinti su stresi yaratir,KALITATIF,"kapsama 0.92, aralik/deger %10",7.706,"veri (sera p5-p95, mevsim ici)"
WC_slab1,3h,IUACAAS,ZARF,tumu,WC_slab1 < 74.500,74.5,dusuk,Bu seranin normal calisma araliginin altina iniyor,Sulama siklığini artir,Asiri sulama kok bolgesinde oksijen azaltir,KALITATIF,"kapsama 0.92, aralik/deger %10",7.706,veri (sera p5-p95)
WC_slab1,3h,IUACAAS,ZARF,tumu,WC_slab1 > 93.500,93.5,yuksek,Bu seranin normal calisma araliginin ustune cikiyor,"Sulama siklığini azalt, drenaji kontrol et",Ani kesinti su stresi yaratir,KALITATIF,"kapsama 0.92, aralik/deger %10",7.706,veri (sera p5-p95)
WC_slab1,3h,Reference,ZARF,ilkbahar,WC_slab1 < 78.400,78.4,dusuk,Bu seranin normal calisma araliginin altina iniyor,Sulama siklığini artir,Asiri sulama kok bolgesinde oksijen azaltir,KALITATIF,"kapsama 0.92, aralik/deger %10",7.706,"veri (sera p5-p95, mevsim ici)"
WC_slab1,3h,Reference,ZARF,ilkbahar,WC_slab1 > 94.500,94.5,yuksek,Bu seranin normal calisma araliginin ustune cikiyor,"Sulama siklığini azalt, drenaji kontrol et",Ani kesinti su stresi yaratir,KALITATIF,"kapsama 0.92, aralik/deger %10",7.706,"veri (sera p5-p95, mevsim ici)"
WC_slab1,3h,Reference,ZARF,kis,WC_slab1 < 78.500,78.5,dusuk,Bu seranin normal calisma araliginin altina iniyor,Sulama siklığini artir,Asiri sulama kok bolgesinde oksijen azaltir,KALITATIF,"kapsama 0.92, aralik/deger %10",7.706,"veri (sera p5-p95, mevsim ici)"
WC_slab1,3h,Reference,ZARF,kis,WC_slab1 > 93.300,93.3,yuksek,Bu seranin normal calisma araliginin ustune cikiyor,"Sulama siklığini azalt, drenaji kontrol et",Ani kesinti su stresi yaratir,KALITATIF,"kapsama 0.92, aralik/deger %10",7.706,"veri (sera p5-p95, mevsim ici)"
WC_slab1,3h,Reference,ZARF,tumu,WC_slab1 < 78.400,78.4,dusuk,Bu seranin normal calisma araliginin altina iniyor,Sulama siklığini artir,Asiri sulama kok bolgesinde oksijen azaltir,KALITATIF,"kapsama 0.92, aralik/deger %10",7.706,veri (sera p5-p95)
WC_slab1,3h,Reference,ZARF,tumu,WC_slab1 > 93.500,93.5,yuksek,Bu seranin normal calisma araliginin ustune cikiyor,"Sulama siklığini azalt, drenaji kontrol et",Ani kesinti su stresi yaratir,KALITATIF,"kapsama 0.92, aralik/deger %10",7.706,veri (sera p5-p95)
WC_slab1,3h,TUMU,HASAR,tumu,WC_slab1 < 40.0,40.0,dusuk,"Substrat su icerigi kritik esigin altinda, kalici solma",Sulama siklığini artir,Asiri sulama kok bolgesinde oksijen azaltir,KALITATIF,"kapsama 0.92, aralik/deger %10",7.706,literatur (TASLAK — teyit edilecek)
WC_slab1,3h,TheAutomators,ZARF,ilkbahar,WC_slab1 < 67.300,67.3,dusuk,Bu seranin normal calisma araliginin altina iniyor,Sulama siklığini artir,Asiri sulama kok bolgesinde oksijen azaltir,KALITATIF,"kapsama 0.92, aralik/deger %10",7.706,"veri (sera p5-p95, mevsim ici)"
WC_slab1,3h,TheAutomators,ZARF,ilkbahar,WC_slab1 > 79.100,79.1,yuksek,Bu seranin normal calisma araliginin ustune cikiyor,"Sulama siklığini azalt, drenaji kontrol et",Ani kesinti su stresi yaratir,KALITATIF,"kapsama 0.92, aralik/deger %10",7.706,"veri (sera p5-p95, mevsim ici)"
WC_slab1,3h,TheAutomators,ZARF,kis,WC_slab1 < 72.400,72.4,dusuk,Bu seranin normal calisma araliginin altina iniyor,Sulama siklığini artir,Asiri sulama kok bolgesinde oksijen azaltir,KALITATIF,"kapsama 0.92, aralik/deger %10",7.706,"veri (sera p5-p95, mevsim ici)"
WC_slab1,3h,TheAutomators,ZARF,kis,WC_slab1 > 93.100,93.1,yuksek,Bu seranin normal calisma araliginin ustune cikiyor,"Sulama siklığini azalt, drenaji kontrol et",Ani kesinti su stresi yaratir,KALITATIF,"kapsama 0.92, aralik/deger %10",7.706,"veri (sera p5-p95, mevsim ici)"
WC_slab1,3h,TheAutomators,ZARF,tumu,WC_slab1 < 68.300,68.3,dusuk,Bu seranin normal calisma araliginin altina iniyor,Sulama siklığini artir,Asiri sulama kok bolgesinde oksijen azaltir,KALITATIF,"kapsama 0.92, aralik/deger %10",7.706,veri (sera p5-p95)
WC_slab1,3h,TheAutomators,ZARF,tumu,WC_slab1 > 92.600,92.6,yuksek,Bu seranin normal calisma araliginin ustune cikiyor,"Sulama siklığini azalt, drenaji kontrol et",Ani kesinti su stresi yaratir,KALITATIF,"kapsama 0.92, aralik/deger %10",7.706,veri (sera p5-p95)
WC_slab1,6h,AICU,ZARF,ilkbahar,WC_slab1 < 70.700,70.7,dusuk,Bu seranin normal calisma araliginin altina iniyor,Sulama siklığini artir,Asiri sulama kok bolgesinde oksijen azaltir,SAYISAL,"kapsama 0.93, aralik/deger %15",11.71,"veri (sera p5-p95, mevsim ici)"
WC_slab1,6h,AICU,ZARF,ilkbahar,WC_slab1 > 83.600,83.6,yuksek,Bu seranin normal calisma araliginin ustune cikiyor,"Sulama siklığini azalt, drenaji kontrol et",Ani kesinti su stresi yaratir,SAYISAL,"kapsama 0.93, aralik/deger %15",11.71,"veri (sera p5-p95, mevsim ici)"
WC_slab1,6h,AICU,ZARF,kis,WC_slab1 < 74.500,74.5,dusuk,Bu seranin normal calisma araliginin altina iniyor,Sulama siklığini artir,Asiri sulama kok bolgesinde oksijen azaltir,SAYISAL,"kapsama 0.93, aralik/deger %15",11.71,"veri (sera p5-p95, mevsim ici)"
WC_slab1,6h,AICU,ZARF,kis,WC_slab1 > 94.400,94.4,yuksek,Bu seranin normal calisma araliginin ustune cikiyor,"Sulama siklığini azalt, drenaji kontrol et",Ani kesinti su stresi yaratir,SAYISAL,"kapsama 0.93, aralik/deger %15",11.71,"veri (sera p5-p95, mevsim ici)"
WC_slab1,6h,AICU,ZARF,tumu,WC_slab1 < 71.500,71.5,dusuk,Bu seranin normal calisma araliginin altina iniyor,Sulama siklığini artir,Asiri sulama kok bolgesinde oksijen azaltir,SAYISAL,"kapsama 0.93, aralik/deger %15",11.71,veri (sera p5-p95)
WC_slab1,6h,AICU,ZARF,tumu,WC_slab1 > 93.600,93.6,yuksek,Bu seranin normal calisma araliginin ustune cikiyor,"Sulama siklığini azalt, drenaji kontrol et",Ani kesinti su stresi yaratir,SAYISAL,"kapsama 0.93, aralik/deger %15",11.71,veri (sera p5-p95)
WC_slab1,6h,Automatoes,ZARF,ilkbahar,WC_slab1 < 63.700,63.7,dusuk,Bu seranin normal calisma araliginin altina iniyor,Sulama siklığini artir,Asiri sulama kok bolgesinde oksijen azaltir,SAYISAL,"kapsama 0.93, aralik/deger %15",11.71,"veri (sera p5-p95, mevsim ici)"
WC_slab1,6h,Automatoes,ZARF,ilkbahar,WC_slab1 > 76.700,76.7,yuksek,Bu seranin normal calisma araliginin ustune cikiyor,"Sulama siklığini azalt, drenaji kontrol et",Ani kesinti su stresi yaratir,SAYISAL,"kapsama 0.93, aralik/deger %15",11.71,"veri (sera p5-p95, mevsim ici)"
WC_slab1,6h,Automatoes,ZARF,kis,WC_slab1 < 63.100,63.1,dusuk,Bu seranin normal calisma araliginin altina iniyor,Sulama siklığini artir,Asiri sulama kok bolgesinde oksijen azaltir,SAYISAL,"kapsama 0.93, aralik/deger %15",11.71,"veri (sera p5-p95, mevsim ici)"
WC_slab1,6h,Automatoes,ZARF,kis,WC_slab1 > 91.400,91.4,yuksek,Bu seranin normal calisma araliginin ustune cikiyor,"Sulama siklığini azalt, drenaji kontrol et",Ani kesinti su stresi yaratir,SAYISAL,"kapsama 0.93, aralik/deger %15",11.71,"veri (sera p5-p95, mevsim ici)"
WC_slab1,6h,Automatoes,ZARF,tumu,WC_slab1 < 63.300,63.3,dusuk,Bu seranin normal calisma araliginin altina iniyor,Sulama siklığini artir,Asiri sulama kok bolgesinde oksijen azaltir,SAYISAL,"kapsama 0.93, aralik/deger %15",11.71,veri (sera p5-p95)
WC_slab1,6h,Automatoes,ZARF,tumu,WC_slab1 > 91.100,91.1,yuksek,Bu seranin normal calisma araliginin ustune cikiyor,"Sulama siklığini azalt, drenaji kontrol et",Ani kesinti su stresi yaratir,SAYISAL,"kapsama 0.93, aralik/deger %15",11.71,veri (sera p5-p95)
WC_slab1,6h,Digilog,ZARF,ilkbahar,WC_slab1 < 66.400,66.4,dusuk,Bu seranin normal calisma araliginin altina iniyor,Sulama siklığini artir,Asiri sulama kok bolgesinde oksijen azaltir,SAYISAL,"kapsama 0.93, aralik/deger %15",11.71,"veri (sera p5-p95, mevsim ici)"
WC_slab1,6h,Digilog,ZARF,ilkbahar,WC_slab1 > 91.700,91.7,yuksek,Bu seranin normal calisma araliginin ustune cikiyor,"Sulama siklığini azalt, drenaji kontrol et",Ani kesinti su stresi yaratir,SAYISAL,"kapsama 0.93, aralik/deger %15",11.71,"veri (sera p5-p95, mevsim ici)"
WC_slab1,6h,Digilog,ZARF,kis,WC_slab1 < 71.200,71.2,dusuk,Bu seranin normal calisma araliginin altina iniyor,Sulama siklığini artir,Asiri sulama kok bolgesinde oksijen azaltir,SAYISAL,"kapsama 0.93, aralik/deger %15",11.71,"veri (sera p5-p95, mevsim ici)"
WC_slab1,6h,Digilog,ZARF,kis,WC_slab1 > 94.700,94.7,yuksek,Bu seranin normal calisma araliginin ustune cikiyor,"Sulama siklığini azalt, drenaji kontrol et",Ani kesinti su stresi yaratir,SAYISAL,"kapsama 0.93, aralik/deger %15",11.71,"veri (sera p5-p95, mevsim ici)"
WC_slab1,6h,Digilog,ZARF,tumu,WC_slab1 < 67.500,67.5,dusuk,Bu seranin normal calisma araliginin altina iniyor,Sulama siklığini artir,Asiri sulama kok bolgesinde oksijen azaltir,SAYISAL,"kapsama 0.93, aralik/deger %15",11.71,veri (sera p5-p95)
WC_slab1,6h,Digilog,ZARF,tumu,WC_slab1 > 94.600,94.6,yuksek,Bu seranin normal calisma araliginin ustune cikiyor,"Sulama siklığini azalt, drenaji kontrol et",Ani kesinti su stresi yaratir,SAYISAL,"kapsama 0.93, aralik/deger %15",11.71,veri (sera p5-p95)
WC_slab1,6h,IUACAAS,ZARF,ilkbahar,WC_slab1 < 72.900,72.9,dusuk,Bu seranin normal calisma araliginin altina iniyor,Sulama siklığini artir,Asiri sulama kok bolgesinde oksijen azaltir,SAYISAL,"kapsama 0.93, aralik/deger %15",11.71,"veri (sera p5-p95, mevsim ici)"
WC_slab1,6h,IUACAAS,ZARF,ilkbahar,WC_slab1 > 84.600,84.6,yuksek,Bu seranin normal calisma araliginin ustune cikiyor,"Sulama siklığini azalt, drenaji kontrol et",Ani kesinti su stresi yaratir,SAYISAL,"kapsama 0.93, aralik/deger %15",11.71,"veri (sera p5-p95, mevsim ici)"
WC_slab1,6h,IUACAAS,ZARF,kis,WC_slab1 < 81.700,81.7,dusuk,Bu seranin normal calisma araliginin altina iniyor,Sulama siklığini artir,Asiri sulama kok bolgesinde oksijen azaltir,SAYISAL,"kapsama 0.93, aralik/deger %15",11.71,"veri (sera p5-p95, mevsim ici)"
WC_slab1,6h,IUACAAS,ZARF,kis,WC_slab1 > 94.000,94.0,yuksek,Bu seranin normal calisma araliginin ustune cikiyor,"Sulama siklığini azalt, drenaji kontrol et",Ani kesinti su stresi yaratir,SAYISAL,"kapsama 0.93, aralik/deger %15",11.71,"veri (sera p5-p95, mevsim ici)"
WC_slab1,6h,IUACAAS,ZARF,tumu,WC_slab1 < 74.500,74.5,dusuk,Bu seranin normal calisma araliginin altina iniyor,Sulama siklığini artir,Asiri sulama kok bolgesinde oksijen azaltir,SAYISAL,"kapsama 0.93, aralik/deger %15",11.71,veri (sera p5-p95)
WC_slab1,6h,IUACAAS,ZARF,tumu,WC_slab1 > 93.500,93.5,yuksek,Bu seranin normal calisma araliginin ustune cikiyor,"Sulama siklığini azalt, drenaji kontrol et",Ani kesinti su stresi yaratir,SAYISAL,"kapsama 0.93, aralik/deger %15",11.71,veri (sera p5-p95)
WC_slab1,6h,Reference,ZARF,ilkbahar,WC_slab1 < 78.400,78.4,dusuk,Bu seranin normal calisma araliginin altina iniyor,Sulama siklığini artir,Asiri sulama kok bolgesinde oksijen azaltir,SAYISAL,"kapsama 0.93, aralik/deger %15",11.71,"veri (sera p5-p95, mevsim ici)"
WC_slab1,6h,Reference,ZARF,ilkbahar,WC_slab1 > 94.500,94.5,yuksek,Bu seranin normal calisma araliginin ustune cikiyor,"Sulama siklığini azalt, drenaji kontrol et",Ani kesinti su stresi yaratir,SAYISAL,"kapsama 0.93, aralik/deger %15",11.71,"veri (sera p5-p95, mevsim ici)"
WC_slab1,6h,Reference,ZARF,kis,WC_slab1 < 78.500,78.5,dusuk,Bu seranin normal calisma araliginin altina iniyor,Sulama siklığini artir,Asiri sulama kok bolgesinde oksijen azaltir,SAYISAL,"kapsama 0.93, aralik/deger %15",11.71,"veri (sera p5-p95, mevsim ici)"
WC_slab1,6h,Reference,ZARF,kis,WC_slab1 > 93.300,93.3,yuksek,Bu seranin normal calisma araliginin ustune cikiyor,"Sulama siklığini azalt, drenaji kontrol et",Ani kesinti su stresi yaratir,SAYISAL,"kapsama 0.93, aralik/deger %15",11.71,"veri (sera p5-p95, mevsim ici)"
WC_slab1,6h,Reference,ZARF,tumu,WC_slab1 < 78.400,78.4,dusuk,Bu seranin normal calisma araliginin altina iniyor,Sulama siklığini artir,Asiri sulama kok bolgesinde oksijen azaltir,SAYISAL,"kapsama 0.93, aralik/deger %15",11.71,veri (sera p5-p95)
WC_slab1,6h,Reference,ZARF,tumu,WC_slab1 > 93.500,93.5,yuksek,Bu seranin normal calisma araliginin ustune cikiyor,"Sulama siklığini azalt, drenaji kontrol et",Ani kesinti su stresi yaratir,SAYISAL,"kapsama 0.93, aralik/deger %15",11.71,veri (sera p5-p95)
WC_slab1,6h,TUMU,HASAR,tumu,WC_slab1 < 40.0,40.0,dusuk,"Substrat su icerigi kritik esigin altinda, kalici solma",Sulama siklığini artir,Asiri sulama kok bolgesinde oksijen azaltir,SAYISAL,"kapsama 0.93, aralik/deger %15",11.71,literatur (TASLAK — teyit edilecek)
WC_slab1,6h,TheAutomators,ZARF,ilkbahar,WC_slab1 < 67.300,67.3,dusuk,Bu seranin normal calisma araliginin altina iniyor,Sulama siklığini artir,Asiri sulama kok bolgesinde oksijen azaltir,SAYISAL,"kapsama 0.93, aralik/deger %15",11.71,"veri (sera p5-p95, mevsim ici)"
WC_slab1,6h,TheAutomators,ZARF,ilkbahar,WC_slab1 > 79.100,79.1,yuksek,Bu seranin normal calisma araliginin ustune cikiyor,"Sulama siklığini azalt, drenaji kontrol et",Ani kesinti su stresi yaratir,SAYISAL,"kapsama 0.93, aralik/deger %15",11.71,"veri (sera p5-p95, mevsim ici)"
WC_slab1,6h,TheAutomators,ZARF,kis,WC_slab1 < 72.400,72.4,dusuk,Bu seranin normal calisma araliginin altina iniyor,Sulama siklığini artir,Asiri sulama kok bolgesinde oksijen azaltir,SAYISAL,"kapsama 0.93, aralik/deger %15",11.71,"veri (sera p5-p95, mevsim ici)"
WC_slab1,6h,TheAutomators,ZARF,kis,WC_slab1 > 93.100,93.1,yuksek,Bu seranin normal calisma araliginin ustune cikiyor,"Sulama siklığini azalt, drenaji kontrol et",Ani kesinti su stresi yaratir,SAYISAL,"kapsama 0.93, aralik/deger %15",11.71,"veri (sera p5-p95, mevsim ici)"
WC_slab1,6h,TheAutomators,ZARF,tumu,WC_slab1 < 68.300,68.3,dusuk,Bu seranin normal calisma araliginin altina iniyor,Sulama siklığini artir,Asiri sulama kok bolgesinde oksijen azaltir,SAYISAL,"kapsama 0.93, aralik/deger %15",11.71,veri (sera p5-p95)
WC_slab1,6h,TheAutomators,ZARF,tumu,WC_slab1 > 92.600,92.6,yuksek,Bu seranin normal calisma araliginin ustune cikiyor,"Sulama siklığini azalt, drenaji kontrol et",Ani kesinti su stresi yaratir,SAYISAL,"kapsama 0.93, aralik/deger %15",11.71,veri (sera p5-p95)
WC_slab2,3h,AICU,ZARF,ilkbahar,WC_slab2 < 56.500,56.5,dusuk,Bu seranin normal calisma araliginin altina iniyor,Sulama siklığini artir,Asiri sulama kok bolgesinde oksijen azaltir,KALITATIF,"kapsama 0.90, aralik/deger %9",7.001,"veri (sera p5-p95, mevsim ici)"
WC_slab2,3h,AICU,ZARF,ilkbahar,WC_slab2 > 66.100,66.1,yuksek,Bu seranin normal calisma araliginin ustune cikiyor,"Sulama siklığini azalt, drenaji kontrol et",Ani kesinti su stresi yaratir,KALITATIF,"kapsama 0.90, aralik/deger %9",7.001,"veri (sera p5-p95, mevsim ici)"
WC_slab2,3h,AICU,ZARF,kis,WC_slab2 < 63.500,63.5,dusuk,Bu seranin normal calisma araliginin altina iniyor,Sulama siklığini artir,Asiri sulama kok bolgesinde oksijen azaltir,KALITATIF,"kapsama 0.90, aralik/deger %9",7.001,"veri (sera p5-p95, mevsim ici)"
WC_slab2,3h,AICU,ZARF,kis,WC_slab2 > 92.900,92.9,yuksek,Bu seranin normal calisma araliginin ustune cikiyor,"Sulama siklığini azalt, drenaji kontrol et",Ani kesinti su stresi yaratir,KALITATIF,"kapsama 0.90, aralik/deger %9",7.001,"veri (sera p5-p95, mevsim ici)"
WC_slab2,3h,AICU,ZARF,tumu,WC_slab2 < 57.000,57.0,dusuk,Bu seranin normal calisma araliginin altina iniyor,Sulama siklığini artir,Asiri sulama kok bolgesinde oksijen azaltir,KALITATIF,"kapsama 0.90, aralik/deger %9",7.001,veri (sera p5-p95)
WC_slab2,3h,AICU,ZARF,tumu,WC_slab2 > 92.100,92.1,yuksek,Bu seranin normal calisma araliginin ustune cikiyor,"Sulama siklığini azalt, drenaji kontrol et",Ani kesinti su stresi yaratir,KALITATIF,"kapsama 0.90, aralik/deger %9",7.001,veri (sera p5-p95)
WC_slab2,3h,Automatoes,ZARF,ilkbahar,WC_slab2 < 66.400,66.4,dusuk,Bu seranin normal calisma araliginin altina iniyor,Sulama siklığini artir,Asiri sulama kok bolgesinde oksijen azaltir,KALITATIF,"kapsama 0.90, aralik/deger %9",7.001,"veri (sera p5-p95, mevsim ici)"
WC_slab2,3h,Automatoes,ZARF,ilkbahar,WC_slab2 > 82.000,82.0,yuksek,Bu seranin normal calisma araliginin ustune cikiyor,"Sulama siklığini azalt, drenaji kontrol et",Ani kesinti su stresi yaratir,KALITATIF,"kapsama 0.90, aralik/deger %9",7.001,"veri (sera p5-p95, mevsim ici)"
WC_slab2,3h,Automatoes,ZARF,kis,WC_slab2 < 63.900,63.9,dusuk,Bu seranin normal calisma araliginin altina iniyor,Sulama siklığini artir,Asiri sulama kok bolgesinde oksijen azaltir,KALITATIF,"kapsama 0.90, aralik/deger %9",7.001,"veri (sera p5-p95, mevsim ici)"
WC_slab2,3h,Automatoes,ZARF,kis,WC_slab2 > 92.500,92.5,yuksek,Bu seranin normal calisma araliginin ustune cikiyor,"Sulama siklığini azalt, drenaji kontrol et",Ani kesinti su stresi yaratir,KALITATIF,"kapsama 0.90, aralik/deger %9",7.001,"veri (sera p5-p95, mevsim ici)"
WC_slab2,3h,Automatoes,ZARF,tumu,WC_slab2 < 64.800,64.8,dusuk,Bu seranin normal calisma araliginin altina iniyor,Sulama siklığini artir,Asiri sulama kok bolgesinde oksijen azaltir,KALITATIF,"kapsama 0.90, aralik/deger %9",7.001,veri (sera p5-p95)
WC_slab2,3h,Automatoes,ZARF,tumu,WC_slab2 > 92.100,92.1,yuksek,Bu seranin normal calisma araliginin ustune cikiyor,"Sulama siklığini azalt, drenaji kontrol et",Ani kesinti su stresi yaratir,KALITATIF,"kapsama 0.90, aralik/deger %9",7.001,veri (sera p5-p95)
WC_slab2,3h,Digilog,ZARF,ilkbahar,WC_slab2 < 57.200,57.2,dusuk,Bu seranin normal calisma araliginin altina iniyor,Sulama siklığini artir,Asiri sulama kok bolgesinde oksijen azaltir,KALITATIF,"kapsama 0.90, aralik/deger %9",7.001,"veri (sera p5-p95, mevsim ici)"
WC_slab2,3h,Digilog,ZARF,ilkbahar,WC_slab2 > 80.600,80.6,yuksek,Bu seranin normal calisma araliginin ustune cikiyor,"Sulama siklığini azalt, drenaji kontrol et",Ani kesinti su stresi yaratir,KALITATIF,"kapsama 0.90, aralik/deger %9",7.001,"veri (sera p5-p95, mevsim ici)"
WC_slab2,3h,Digilog,ZARF,kis,WC_slab2 < 50.300,50.3,dusuk,Bu seranin normal calisma araliginin altina iniyor,Sulama siklığini artir,Asiri sulama kok bolgesinde oksijen azaltir,KALITATIF,"kapsama 0.90, aralik/deger %9",7.001,"veri (sera p5-p95, mevsim ici)"
WC_slab2,3h,Digilog,ZARF,kis,WC_slab2 > 77.600,77.6,yuksek,Bu seranin normal calisma araliginin ustune cikiyor,"Sulama siklığini azalt, drenaji kontrol et",Ani kesinti su stresi yaratir,KALITATIF,"kapsama 0.90, aralik/deger %9",7.001,"veri (sera p5-p95, mevsim ici)"
WC_slab2,3h,Digilog,ZARF,tumu,WC_slab2 < 53.500,53.5,dusuk,Bu seranin normal calisma araliginin altina iniyor,Sulama siklığini artir,Asiri sulama kok bolgesinde oksijen azaltir,KALITATIF,"kapsama 0.90, aralik/deger %9",7.001,veri (sera p5-p95)
WC_slab2,3h,Digilog,ZARF,tumu,WC_slab2 > 79.600,79.6,yuksek,Bu seranin normal calisma araliginin ustune cikiyor,"Sulama siklığini azalt, drenaji kontrol et",Ani kesinti su stresi yaratir,KALITATIF,"kapsama 0.90, aralik/deger %9",7.001,veri (sera p5-p95)
WC_slab2,3h,IUACAAS,ZARF,ilkbahar,WC_slab2 < 58.200,58.2,dusuk,Bu seranin normal calisma araliginin altina iniyor,Sulama siklığini artir,Asiri sulama kok bolgesinde oksijen azaltir,KALITATIF,"kapsama 0.90, aralik/deger %9",7.001,"veri (sera p5-p95, mevsim ici)"
WC_slab2,3h,IUACAAS,ZARF,ilkbahar,WC_slab2 > 76.800,76.8,yuksek,Bu seranin normal calisma araliginin ustune cikiyor,"Sulama siklığini azalt, drenaji kontrol et",Ani kesinti su stresi yaratir,KALITATIF,"kapsama 0.90, aralik/deger %9",7.001,"veri (sera p5-p95, mevsim ici)"
WC_slab2,3h,IUACAAS,ZARF,kis,WC_slab2 < 75.300,75.3,dusuk,Bu seranin normal calisma araliginin altina iniyor,Sulama siklığini artir,Asiri sulama kok bolgesinde oksijen azaltir,KALITATIF,"kapsama 0.90, aralik/deger %9",7.001,"veri (sera p5-p95, mevsim ici)"
WC_slab2,3h,IUACAAS,ZARF,kis,WC_slab2 > 90.800,90.8,yuksek,Bu seranin normal calisma araliginin ustune cikiyor,"Sulama siklığini azalt, drenaji kontrol et",Ani kesinti su stresi yaratir,KALITATIF,"kapsama 0.90, aralik/deger %9",7.001,"veri (sera p5-p95, mevsim ici)"
WC_slab2,3h,IUACAAS,ZARF,tumu,WC_slab2 < 60.600,60.6,dusuk,Bu seranin normal calisma araliginin altina iniyor,Sulama siklığini artir,Asiri sulama kok bolgesinde oksijen azaltir,KALITATIF,"kapsama 0.90, aralik/deger %9",7.001,veri (sera p5-p95)
WC_slab2,3h,IUACAAS,ZARF,tumu,WC_slab2 > 90.400,90.4,yuksek,Bu seranin normal calisma araliginin ustune cikiyor,"Sulama siklığini azalt, drenaji kontrol et",Ani kesinti su stresi yaratir,KALITATIF,"kapsama 0.90, aralik/deger %9",7.001,veri (sera p5-p95)
WC_slab2,3h,Reference,ZARF,ilkbahar,WC_slab2 < 73.400,73.4,dusuk,Bu seranin normal calisma araliginin altina iniyor,Sulama siklığini artir,Asiri sulama kok bolgesinde oksijen azaltir,KALITATIF,"kapsama 0.90, aralik/deger %9",7.001,"veri (sera p5-p95, mevsim ici)"
WC_slab2,3h,Reference,ZARF,ilkbahar,WC_slab2 > 92.500,92.5,yuksek,Bu seranin normal calisma araliginin ustune cikiyor,"Sulama siklığini azalt, drenaji kontrol et",Ani kesinti su stresi yaratir,KALITATIF,"kapsama 0.90, aralik/deger %9",7.001,"veri (sera p5-p95, mevsim ici)"
WC_slab2,3h,Reference,ZARF,kis,WC_slab2 < 75.500,75.5,dusuk,Bu seranin normal calisma araliginin altina iniyor,Sulama siklığini artir,Asiri sulama kok bolgesinde oksijen azaltir,KALITATIF,"kapsama 0.90, aralik/deger %9",7.001,"veri (sera p5-p95, mevsim ici)"
WC_slab2,3h,Reference,ZARF,kis,WC_slab2 > 94.300,94.3,yuksek,Bu seranin normal calisma araliginin ustune cikiyor,"Sulama siklığini azalt, drenaji kontrol et",Ani kesinti su stresi yaratir,KALITATIF,"kapsama 0.90, aralik/deger %9",7.001,"veri (sera p5-p95, mevsim ici)"
WC_slab2,3h,Reference,ZARF,tumu,WC_slab2 < 74.200,74.2,dusuk,Bu seranin normal calisma araliginin altina iniyor,Sulama siklığini artir,Asiri sulama kok bolgesinde oksijen azaltir,KALITATIF,"kapsama 0.90, aralik/deger %9",7.001,veri (sera p5-p95)
WC_slab2,3h,Reference,ZARF,tumu,WC_slab2 > 94.200,94.2,yuksek,Bu seranin normal calisma araliginin ustune cikiyor,"Sulama siklığini azalt, drenaji kontrol et",Ani kesinti su stresi yaratir,KALITATIF,"kapsama 0.90, aralik/deger %9",7.001,veri (sera p5-p95)
WC_slab2,3h,TUMU,HASAR,tumu,WC_slab2 < 40.0,40.0,dusuk,"Substrat su icerigi kritik esigin altinda, kalici solma",Sulama siklığini artir,Asiri sulama kok bolgesinde oksijen azaltir,KALITATIF,"kapsama 0.90, aralik/deger %9",7.001,literatur (TASLAK — teyit edilecek)
WC_slab2,3h,TheAutomators,ZARF,ilkbahar,WC_slab2 < 67.900,67.9,dusuk,Bu seranin normal calisma araliginin altina iniyor,Sulama siklığini artir,Asiri sulama kok bolgesinde oksijen azaltir,KALITATIF,"kapsama 0.90, aralik/deger %9",7.001,"veri (sera p5-p95, mevsim ici)"
WC_slab2,3h,TheAutomators,ZARF,ilkbahar,WC_slab2 > 78.400,78.4,yuksek,Bu seranin normal calisma araliginin ustune cikiyor,"Sulama siklığini azalt, drenaji kontrol et",Ani kesinti su stresi yaratir,KALITATIF,"kapsama 0.90, aralik/deger %9",7.001,"veri (sera p5-p95, mevsim ici)"
WC_slab2,3h,TheAutomators,ZARF,kis,WC_slab2 < 73.700,73.7,dusuk,Bu seranin normal calisma araliginin altina iniyor,Sulama siklığini artir,Asiri sulama kok bolgesinde oksijen azaltir,KALITATIF,"kapsama 0.90, aralik/deger %9",7.001,"veri (sera p5-p95, mevsim ici)"
WC_slab2,3h,TheAutomators,ZARF,kis,WC_slab2 > 94.200,94.2,yuksek,Bu seranin normal calisma araliginin ustune cikiyor,"Sulama siklığini azalt, drenaji kontrol et",Ani kesinti su stresi yaratir,KALITATIF,"kapsama 0.90, aralik/deger %9",7.001,"veri (sera p5-p95, mevsim ici)"
WC_slab2,3h,TheAutomators,ZARF,tumu,WC_slab2 < 68.800,68.8,dusuk,Bu seranin normal calisma araliginin altina iniyor,Sulama siklığini artir,Asiri sulama kok bolgesinde oksijen azaltir,KALITATIF,"kapsama 0.90, aralik/deger %9",7.001,veri (sera p5-p95)
WC_slab2,3h,TheAutomators,ZARF,tumu,WC_slab2 > 93.800,93.8,yuksek,Bu seranin normal calisma araliginin ustune cikiyor,"Sulama siklığini azalt, drenaji kontrol et",Ani kesinti su stresi yaratir,KALITATIF,"kapsama 0.90, aralik/deger %9",7.001,veri (sera p5-p95)
WC_slab2,6h,AICU,ZARF,ilkbahar,WC_slab2 < 56.500,56.5,dusuk,Bu seranin normal calisma araliginin altina iniyor,Sulama siklığini artir,Asiri sulama kok bolgesinde oksijen azaltir,KALITATIF,"kapsama 0.90, aralik/deger %12",9.141,"veri (sera p5-p95, mevsim ici)"
WC_slab2,6h,AICU,ZARF,ilkbahar,WC_slab2 > 66.100,66.1,yuksek,Bu seranin normal calisma araliginin ustune cikiyor,"Sulama siklığini azalt, drenaji kontrol et",Ani kesinti su stresi yaratir,KALITATIF,"kapsama 0.90, aralik/deger %12",9.141,"veri (sera p5-p95, mevsim ici)"
WC_slab2,6h,AICU,ZARF,kis,WC_slab2 < 63.500,63.5,dusuk,Bu seranin normal calisma araliginin altina iniyor,Sulama siklığini artir,Asiri sulama kok bolgesinde oksijen azaltir,KALITATIF,"kapsama 0.90, aralik/deger %12",9.141,"veri (sera p5-p95, mevsim ici)"
WC_slab2,6h,AICU,ZARF,kis,WC_slab2 > 92.900,92.9,yuksek,Bu seranin normal calisma araliginin ustune cikiyor,"Sulama siklığini azalt, drenaji kontrol et",Ani kesinti su stresi yaratir,KALITATIF,"kapsama 0.90, aralik/deger %12",9.141,"veri (sera p5-p95, mevsim ici)"
WC_slab2,6h,AICU,ZARF,tumu,WC_slab2 < 57.000,57.0,dusuk,Bu seranin normal calisma araliginin altina iniyor,Sulama siklığini artir,Asiri sulama kok bolgesinde oksijen azaltir,KALITATIF,"kapsama 0.90, aralik/deger %12",9.141,veri (sera p5-p95)
WC_slab2,6h,AICU,ZARF,tumu,WC_slab2 > 92.100,92.1,yuksek,Bu seranin normal calisma araliginin ustune cikiyor,"Sulama siklığini azalt, drenaji kontrol et",Ani kesinti su stresi yaratir,KALITATIF,"kapsama 0.90, aralik/deger %12",9.141,veri (sera p5-p95)
WC_slab2,6h,Automatoes,ZARF,ilkbahar,WC_slab2 < 66.400,66.4,dusuk,Bu seranin normal calisma araliginin altina iniyor,Sulama siklığini artir,Asiri sulama kok bolgesinde oksijen azaltir,KALITATIF,"kapsama 0.90, aralik/deger %12",9.141,"veri (sera p5-p95, mevsim ici)"
WC_slab2,6h,Automatoes,ZARF,ilkbahar,WC_slab2 > 82.000,82.0,yuksek,Bu seranin normal calisma araliginin ustune cikiyor,"Sulama siklığini azalt, drenaji kontrol et",Ani kesinti su stresi yaratir,KALITATIF,"kapsama 0.90, aralik/deger %12",9.141,"veri (sera p5-p95, mevsim ici)"
WC_slab2,6h,Automatoes,ZARF,kis,WC_slab2 < 63.900,63.9,dusuk,Bu seranin normal calisma araliginin altina iniyor,Sulama siklığini artir,Asiri sulama kok bolgesinde oksijen azaltir,KALITATIF,"kapsama 0.90, aralik/deger %12",9.141,"veri (sera p5-p95, mevsim ici)"
WC_slab2,6h,Automatoes,ZARF,kis,WC_slab2 > 92.500,92.5,yuksek,Bu seranin normal calisma araliginin ustune cikiyor,"Sulama siklığini azalt, drenaji kontrol et",Ani kesinti su stresi yaratir,KALITATIF,"kapsama 0.90, aralik/deger %12",9.141,"veri (sera p5-p95, mevsim ici)"
WC_slab2,6h,Automatoes,ZARF,tumu,WC_slab2 < 64.800,64.8,dusuk,Bu seranin normal calisma araliginin altina iniyor,Sulama siklığini artir,Asiri sulama kok bolgesinde oksijen azaltir,KALITATIF,"kapsama 0.90, aralik/deger %12",9.141,veri (sera p5-p95)
WC_slab2,6h,Automatoes,ZARF,tumu,WC_slab2 > 92.100,92.1,yuksek,Bu seranin normal calisma araliginin ustune cikiyor,"Sulama siklığini azalt, drenaji kontrol et",Ani kesinti su stresi yaratir,KALITATIF,"kapsama 0.90, aralik/deger %12",9.141,veri (sera p5-p95)
WC_slab2,6h,Digilog,ZARF,ilkbahar,WC_slab2 < 57.200,57.2,dusuk,Bu seranin normal calisma araliginin altina iniyor,Sulama siklığini artir,Asiri sulama kok bolgesinde oksijen azaltir,KALITATIF,"kapsama 0.90, aralik/deger %12",9.141,"veri (sera p5-p95, mevsim ici)"
WC_slab2,6h,Digilog,ZARF,ilkbahar,WC_slab2 > 80.600,80.6,yuksek,Bu seranin normal calisma araliginin ustune cikiyor,"Sulama siklığini azalt, drenaji kontrol et",Ani kesinti su stresi yaratir,KALITATIF,"kapsama 0.90, aralik/deger %12",9.141,"veri (sera p5-p95, mevsim ici)"
WC_slab2,6h,Digilog,ZARF,kis,WC_slab2 < 50.300,50.3,dusuk,Bu seranin normal calisma araliginin altina iniyor,Sulama siklığini artir,Asiri sulama kok bolgesinde oksijen azaltir,KALITATIF,"kapsama 0.90, aralik/deger %12",9.141,"veri (sera p5-p95, mevsim ici)"
WC_slab2,6h,Digilog,ZARF,kis,WC_slab2 > 77.600,77.6,yuksek,Bu seranin normal calisma araliginin ustune cikiyor,"Sulama siklığini azalt, drenaji kontrol et",Ani kesinti su stresi yaratir,KALITATIF,"kapsama 0.90, aralik/deger %12",9.141,"veri (sera p5-p95, mevsim ici)"
WC_slab2,6h,Digilog,ZARF,tumu,WC_slab2 < 53.500,53.5,dusuk,Bu seranin normal calisma araliginin altina iniyor,Sulama siklığini artir,Asiri sulama kok bolgesinde oksijen azaltir,KALITATIF,"kapsama 0.90, aralik/deger %12",9.141,veri (sera p5-p95)
WC_slab2,6h,Digilog,ZARF,tumu,WC_slab2 > 79.600,79.6,yuksek,Bu seranin normal calisma araliginin ustune cikiyor,"Sulama siklığini azalt, drenaji kontrol et",Ani kesinti su stresi yaratir,KALITATIF,"kapsama 0.90, aralik/deger %12",9.141,veri (sera p5-p95)
WC_slab2,6h,IUACAAS,ZARF,ilkbahar,WC_slab2 < 58.200,58.2,dusuk,Bu seranin normal calisma araliginin altina iniyor,Sulama siklığini artir,Asiri sulama kok bolgesinde oksijen azaltir,KALITATIF,"kapsama 0.90, aralik/deger %12",9.141,"veri (sera p5-p95, mevsim ici)"
WC_slab2,6h,IUACAAS,ZARF,ilkbahar,WC_slab2 > 76.800,76.8,yuksek,Bu seranin normal calisma araliginin ustune cikiyor,"Sulama siklığini azalt, drenaji kontrol et",Ani kesinti su stresi yaratir,KALITATIF,"kapsama 0.90, aralik/deger %12",9.141,"veri (sera p5-p95, mevsim ici)"
WC_slab2,6h,IUACAAS,ZARF,kis,WC_slab2 < 75.300,75.3,dusuk,Bu seranin normal calisma araliginin altina iniyor,Sulama siklığini artir,Asiri sulama kok bolgesinde oksijen azaltir,KALITATIF,"kapsama 0.90, aralik/deger %12",9.141,"veri (sera p5-p95, mevsim ici)"
WC_slab2,6h,IUACAAS,ZARF,kis,WC_slab2 > 90.800,90.8,yuksek,Bu seranin normal calisma araliginin ustune cikiyor,"Sulama siklığini azalt, drenaji kontrol et",Ani kesinti su stresi yaratir,KALITATIF,"kapsama 0.90, aralik/deger %12",9.141,"veri (sera p5-p95, mevsim ici)"
WC_slab2,6h,IUACAAS,ZARF,tumu,WC_slab2 < 60.600,60.6,dusuk,Bu seranin normal calisma araliginin altina iniyor,Sulama siklığini artir,Asiri sulama kok bolgesinde oksijen azaltir,KALITATIF,"kapsama 0.90, aralik/deger %12",9.141,veri (sera p5-p95)
WC_slab2,6h,IUACAAS,ZARF,tumu,WC_slab2 > 90.400,90.4,yuksek,Bu seranin normal calisma araliginin ustune cikiyor,"Sulama siklığini azalt, drenaji kontrol et",Ani kesinti su stresi yaratir,KALITATIF,"kapsama 0.90, aralik/deger %12",9.141,veri (sera p5-p95)
WC_slab2,6h,Reference,ZARF,ilkbahar,WC_slab2 < 73.400,73.4,dusuk,Bu seranin normal calisma araliginin altina iniyor,Sulama siklığini artir,Asiri sulama kok bolgesinde oksijen azaltir,KALITATIF,"kapsama 0.90, aralik/deger %12",9.141,"veri (sera p5-p95, mevsim ici)"
WC_slab2,6h,Reference,ZARF,ilkbahar,WC_slab2 > 92.500,92.5,yuksek,Bu seranin normal calisma araliginin ustune cikiyor,"Sulama siklığini azalt, drenaji kontrol et",Ani kesinti su stresi yaratir,KALITATIF,"kapsama 0.90, aralik/deger %12",9.141,"veri (sera p5-p95, mevsim ici)"
WC_slab2,6h,Reference,ZARF,kis,WC_slab2 < 75.500,75.5,dusuk,Bu seranin normal calisma araliginin altina iniyor,Sulama siklığini artir,Asiri sulama kok bolgesinde oksijen azaltir,KALITATIF,"kapsama 0.90, aralik/deger %12",9.141,"veri (sera p5-p95, mevsim ici)"
WC_slab2,6h,Reference,ZARF,kis,WC_slab2 > 94.300,94.3,yuksek,Bu seranin normal calisma araliginin ustune cikiyor,"Sulama siklığini azalt, drenaji kontrol et",Ani kesinti su stresi yaratir,KALITATIF,"kapsama 0.90, aralik/deger %12",9.141,"veri (sera p5-p95, mevsim ici)"
WC_slab2,6h,Reference,ZARF,tumu,WC_slab2 < 74.200,74.2,dusuk,Bu seranin normal calisma araliginin altina iniyor,Sulama siklığini artir,Asiri sulama kok bolgesinde oksijen azaltir,KALITATIF,"kapsama 0.90, aralik/deger %12",9.141,veri (sera p5-p95)
WC_slab2,6h,Reference,ZARF,tumu,WC_slab2 > 94.200,94.2,yuksek,Bu seranin normal calisma araliginin ustune cikiyor,"Sulama siklığini azalt, drenaji kontrol et",Ani kesinti su stresi yaratir,KALITATIF,"kapsama 0.90, aralik/deger %12",9.141,veri (sera p5-p95)
WC_slab2,6h,TUMU,HASAR,tumu,WC_slab2 < 40.0,40.0,dusuk,"Substrat su icerigi kritik esigin altinda, kalici solma",Sulama siklığini artir,Asiri sulama kok bolgesinde oksijen azaltir,KALITATIF,"kapsama 0.90, aralik/deger %12",9.141,literatur (TASLAK — teyit edilecek)
WC_slab2,6h,TheAutomators,ZARF,ilkbahar,WC_slab2 < 67.900,67.9,dusuk,Bu seranin normal calisma araliginin altina iniyor,Sulama siklığini artir,Asiri sulama kok bolgesinde oksijen azaltir,KALITATIF,"kapsama 0.90, aralik/deger %12",9.141,"veri (sera p5-p95, mevsim ici)"
WC_slab2,6h,TheAutomators,ZARF,ilkbahar,WC_slab2 > 78.400,78.4,yuksek,Bu seranin normal calisma araliginin ustune cikiyor,"Sulama siklığini azalt, drenaji kontrol et",Ani kesinti su stresi yaratir,KALITATIF,"kapsama 0.90, aralik/deger %12",9.141,"veri (sera p5-p95, mevsim ici)"
WC_slab2,6h,TheAutomators,ZARF,kis,WC_slab2 < 73.700,73.7,dusuk,Bu seranin normal calisma araliginin altina iniyor,Sulama siklığini artir,Asiri sulama kok bolgesinde oksijen azaltir,KALITATIF,"kapsama 0.90, aralik/deger %12",9.141,"veri (sera p5-p95, mevsim ici)"
WC_slab2,6h,TheAutomators,ZARF,kis,WC_slab2 > 94.200,94.2,yuksek,Bu seranin normal calisma araliginin ustune cikiyor,"Sulama siklığini azalt, drenaji kontrol et",Ani kesinti su stresi yaratir,KALITATIF,"kapsama 0.90, aralik/deger %12",9.141,"veri (sera p5-p95, mevsim ici)"
WC_slab2,6h,TheAutomators,ZARF,tumu,WC_slab2 < 68.800,68.8,dusuk,Bu seranin normal calisma araliginin altina iniyor,Sulama siklığini artir,Asiri sulama kok bolgesinde oksijen azaltir,KALITATIF,"kapsama 0.90, aralik/deger %12",9.141,veri (sera p5-p95)
WC_slab2,6h,TheAutomators,ZARF,tumu,WC_slab2 > 93.800,93.8,yuksek,Bu seranin normal calisma araliginin ustune cikiyor,"Sulama siklığini azalt, drenaji kontrol et",Ani kesinti su stresi yaratir,KALITATIF,"kapsama 0.90, aralik/deger %12",9.141,veri (sera p5-p95)
t_slab1,3h,AICU,ZARF,ilkbahar,t_slab1 < 20.300,20.3,dusuk,Bu seranin normal calisma araliginin altina iniyor,Kok bolgesi isitmasini artir,"Substrat sicakligi yavas tepki verir, erken mudahale gerekir",KALITATIF,"kapsama 0.87, aralik/deger %11",2.495,"veri (sera p5-p95, mevsim ici)"
t_slab1,3h,AICU,ZARF,ilkbahar,t_slab1 > 25.900,25.9,yuksek,Bu seranin normal calisma araliginin ustune cikiyor,Sulama ile kok bolgesini serinlet,Su sicakligi ani dusurulmemeli,KALITATIF,"kapsama 0.87, aralik/deger %11",2.495,"veri (sera p5-p95, mevsim ici)"
t_slab1,3h,AICU,ZARF,kis,t_slab1 < 19.700,19.7,dusuk,Bu seranin normal calisma araliginin altina iniyor,Kok bolgesi isitmasini artir,"Substrat sicakligi yavas tepki verir, erken mudahale gerekir",KALITATIF,"kapsama 0.87, aralik/deger %11",2.495,"veri (sera p5-p95, mevsim ici)"
t_slab1,3h,AICU,ZARF,kis,t_slab1 > 23.800,23.8,yuksek,Bu seranin normal calisma araliginin ustune cikiyor,Sulama ile kok bolgesini serinlet,Su sicakligi ani dusurulmemeli,KALITATIF,"kapsama 0.87, aralik/deger %11",2.495,"veri (sera p5-p95, mevsim ici)"
t_slab1,3h,AICU,ZARF,tumu,t_slab1 < 20.000,20.0,dusuk,Bu seranin normal calisma araliginin altina iniyor,Kok bolgesi isitmasini artir,"Substrat sicakligi yavas tepki verir, erken mudahale gerekir",KALITATIF,"kapsama 0.87, aralik/deger %11",2.495,veri (sera p5-p95)
t_slab1,3h,AICU,ZARF,tumu,t_slab1 > 25.400,25.4,yuksek,Bu seranin normal calisma araliginin ustune cikiyor,Sulama ile kok bolgesini serinlet,Su sicakligi ani dusurulmemeli,KALITATIF,"kapsama 0.87, aralik/deger %11",2.495,veri (sera p5-p95)
t_slab1,3h,Automatoes,ZARF,ilkbahar,t_slab1 < 19.800,19.8,dusuk,Bu seranin normal calisma araliginin altina iniyor,Kok bolgesi isitmasini artir,"Substrat sicakligi yavas tepki verir, erken mudahale gerekir",KALITATIF,"kapsama 0.87, aralik/deger %11",2.495,"veri (sera p5-p95, mevsim ici)"
t_slab1,3h,Automatoes,ZARF,ilkbahar,t_slab1 > 31.000,31.0,yuksek,Bu seranin normal calisma araliginin ustune cikiyor,Sulama ile kok bolgesini serinlet,Su sicakligi ani dusurulmemeli,KALITATIF,"kapsama 0.87, aralik/deger %11",2.495,"veri (sera p5-p95, mevsim ici)"
t_slab1,3h,Automatoes,ZARF,kis,t_slab1 < 18.600,18.6,dusuk,Bu seranin normal calisma araliginin altina iniyor,Kok bolgesi isitmasini artir,"Substrat sicakligi yavas tepki verir, erken mudahale gerekir",KALITATIF,"kapsama 0.87, aralik/deger %11",2.495,"veri (sera p5-p95, mevsim ici)"
t_slab1,3h,Automatoes,ZARF,kis,t_slab1 > 25.300,25.3,yuksek,Bu seranin normal calisma araliginin ustune cikiyor,Sulama ile kok bolgesini serinlet,Su sicakligi ani dusurulmemeli,KALITATIF,"kapsama 0.87, aralik/deger %11",2.495,"veri (sera p5-p95, mevsim ici)"
t_slab1,3h,Automatoes,ZARF,tumu,t_slab1 < 19.100,19.1,dusuk,Bu seranin normal calisma araliginin altina iniyor,Kok bolgesi isitmasini artir,"Substrat sicakligi yavas tepki verir, erken mudahale gerekir",KALITATIF,"kapsama 0.87, aralik/deger %11",2.495,veri (sera p5-p95)
t_slab1,3h,Automatoes,ZARF,tumu,t_slab1 > 29.400,29.4,yuksek,Bu seranin normal calisma araliginin ustune cikiyor,Sulama ile kok bolgesini serinlet,Su sicakligi ani dusurulmemeli,KALITATIF,"kapsama 0.87, aralik/deger %11",2.495,veri (sera p5-p95)
t_slab1,3h,Digilog,ZARF,ilkbahar,t_slab1 < 18.900,18.9,dusuk,Bu seranin normal calisma araliginin altina iniyor,Kok bolgesi isitmasini artir,"Substrat sicakligi yavas tepki verir, erken mudahale gerekir",KALITATIF,"kapsama 0.87, aralik/deger %11",2.495,"veri (sera p5-p95, mevsim ici)"
t_slab1,3h,Digilog,ZARF,ilkbahar,t_slab1 > 28.400,28.4,yuksek,Bu seranin normal calisma araliginin ustune cikiyor,Sulama ile kok bolgesini serinlet,Su sicakligi ani dusurulmemeli,KALITATIF,"kapsama 0.87, aralik/deger %11",2.495,"veri (sera p5-p95, mevsim ici)"
t_slab1,3h,Digilog,ZARF,kis,t_slab1 < 18.500,18.5,dusuk,Bu seranin normal calisma araliginin altina iniyor,Kok bolgesi isitmasini artir,"Substrat sicakligi yavas tepki verir, erken mudahale gerekir",KALITATIF,"kapsama 0.87, aralik/deger %11",2.495,"veri (sera p5-p95, mevsim ici)"
t_slab1,3h,Digilog,ZARF,kis,t_slab1 > 24.100,24.1,yuksek,Bu seranin normal calisma araliginin ustune cikiyor,Sulama ile kok bolgesini serinlet,Su sicakligi ani dusurulmemeli,KALITATIF,"kapsama 0.87, aralik/deger %11",2.495,"veri (sera p5-p95, mevsim ici)"
t_slab1,3h,Digilog,ZARF,tumu,t_slab1 < 18.600,18.6,dusuk,Bu seranin normal calisma araliginin altina iniyor,Kok bolgesi isitmasini artir,"Substrat sicakligi yavas tepki verir, erken mudahale gerekir",KALITATIF,"kapsama 0.87, aralik/deger %11",2.495,veri (sera p5-p95)
t_slab1,3h,Digilog,ZARF,tumu,t_slab1 > 26.300,26.3,yuksek,Bu seranin normal calisma araliginin ustune cikiyor,Sulama ile kok bolgesini serinlet,Su sicakligi ani dusurulmemeli,KALITATIF,"kapsama 0.87, aralik/deger %11",2.495,veri (sera p5-p95)
t_slab1,3h,IUACAAS,ZARF,ilkbahar,t_slab1 < 18.800,18.8,dusuk,Bu seranin normal calisma araliginin altina iniyor,Kok bolgesi isitmasini artir,"Substrat sicakligi yavas tepki verir, erken mudahale gerekir",KALITATIF,"kapsama 0.87, aralik/deger %11",2.495,"veri (sera p5-p95, mevsim ici)"
t_slab1,3h,IUACAAS,ZARF,ilkbahar,t_slab1 > 25.900,25.9,yuksek,Bu seranin normal calisma araliginin ustune cikiyor,Sulama ile kok bolgesini serinlet,Su sicakligi ani dusurulmemeli,KALITATIF,"kapsama 0.87, aralik/deger %11",2.495,"veri (sera p5-p95, mevsim ici)"
t_slab1,3h,IUACAAS,ZARF,kis,t_slab1 < 18.000,18.0,dusuk,Bu seranin normal calisma araliginin altina iniyor,Kok bolgesi isitmasini artir,"Substrat sicakligi yavas tepki verir, erken mudahale gerekir",KALITATIF,"kapsama 0.87, aralik/deger %11",2.495,"veri (sera p5-p95, mevsim ici)"
t_slab1,3h,IUACAAS,ZARF,kis,t_slab1 > 25.100,25.1,yuksek,Bu seranin normal calisma araliginin ustune cikiyor,Sulama ile kok bolgesini serinlet,Su sicakligi ani dusurulmemeli,KALITATIF,"kapsama 0.87, aralik/deger %11",2.495,"veri (sera p5-p95, mevsim ici)"
t_slab1,3h,IUACAAS,ZARF,tumu,t_slab1 < 18.600,18.6,dusuk,Bu seranin normal calisma araliginin altina iniyor,Kok bolgesi isitmasini artir,"Substrat sicakligi yavas tepki verir, erken mudahale gerekir",KALITATIF,"kapsama 0.87, aralik/deger %11",2.495,veri (sera p5-p95)
t_slab1,3h,IUACAAS,ZARF,tumu,t_slab1 > 25.600,25.6,yuksek,Bu seranin normal calisma araliginin ustune cikiyor,Sulama ile kok bolgesini serinlet,Su sicakligi ani dusurulmemeli,KALITATIF,"kapsama 0.87, aralik/deger %11",2.495,veri (sera p5-p95)
t_slab1,3h,Reference,ZARF,ilkbahar,t_slab1 < 20.900,20.9,dusuk,Bu seranin normal calisma araliginin altina iniyor,Kok bolgesi isitmasini artir,"Substrat sicakligi yavas tepki verir, erken mudahale gerekir",KALITATIF,"kapsama 0.87, aralik/deger %11",2.495,"veri (sera p5-p95, mevsim ici)"
t_slab1,3h,Reference,ZARF,ilkbahar,t_slab1 > 26.700,26.7,yuksek,Bu seranin normal calisma araliginin ustune cikiyor,Sulama ile kok bolgesini serinlet,Su sicakligi ani dusurulmemeli,KALITATIF,"kapsama 0.87, aralik/deger %11",2.495,"veri (sera p5-p95, mevsim ici)"
t_slab1,3h,Reference,ZARF,kis,t_slab1 < 19.100,19.1,dusuk,Bu seranin normal calisma araliginin altina iniyor,Kok bolgesi isitmasini artir,"Substrat sicakligi yavas tepki verir, erken mudahale gerekir",KALITATIF,"kapsama 0.87, aralik/deger %11",2.495,"veri (sera p5-p95, mevsim ici)"
t_slab1,3h,Reference,ZARF,kis,t_slab1 > 27.400,27.4,yuksek,Bu seranin normal calisma araliginin ustune cikiyor,Sulama ile kok bolgesini serinlet,Su sicakligi ani dusurulmemeli,KALITATIF,"kapsama 0.87, aralik/deger %11",2.495,"veri (sera p5-p95, mevsim ici)"
t_slab1,3h,Reference,ZARF,tumu,t_slab1 < 20.400,20.4,dusuk,Bu seranin normal calisma araliginin altina iniyor,Kok bolgesi isitmasini artir,"Substrat sicakligi yavas tepki verir, erken mudahale gerekir",KALITATIF,"kapsama 0.87, aralik/deger %11",2.495,veri (sera p5-p95)
t_slab1,3h,Reference,ZARF,tumu,t_slab1 > 27.200,27.2,yuksek,Bu seranin normal calisma araliginin ustune cikiyor,Sulama ile kok bolgesini serinlet,Su sicakligi ani dusurulmemeli,KALITATIF,"kapsama 0.87, aralik/deger %11",2.495,veri (sera p5-p95)
t_slab1,3h,TUMU,HASAR,tumu,t_slab1 < 12.0,12.0,dusuk,Kok bolgesi cok soguk: su ve besin alimi durur,Kok bolgesi isitmasini artir,"Substrat sicakligi yavas tepki verir, erken mudahale gerekir",KALITATIF,"kapsama 0.87, aralik/deger %11",2.495,literatur (TASLAK — teyit edilecek)
t_slab1,3h,TUMU,HASAR,tumu,t_slab1 > 30.0,30.0,yuksek,"Kok bolgesi cok sicak: kok solunumu artar, oksijen azalir",Sulama ile kok bolgesini serinlet,Su sicakligi ani dusurulmemeli,KALITATIF,"kapsama 0.87, aralik/deger %11",2.495,literatur (TASLAK — teyit edilecek)
t_slab1,3h,TheAutomators,ZARF,ilkbahar,t_slab1 < 19.800,19.8,dusuk,Bu seranin normal calisma araliginin altina iniyor,Kok bolgesi isitmasini artir,"Substrat sicakligi yavas tepki verir, erken mudahale gerekir",KALITATIF,"kapsama 0.87, aralik/deger %11",2.495,"veri (sera p5-p95, mevsim ici)"
t_slab1,3h,TheAutomators,ZARF,ilkbahar,t_slab1 > 26.600,26.6,yuksek,Bu seranin normal calisma araliginin ustune cikiyor,Sulama ile kok bolgesini serinlet,Su sicakligi ani dusurulmemeli,KALITATIF,"kapsama 0.87, aralik/deger %11",2.495,"veri (sera p5-p95, mevsim ici)"
t_slab1,3h,TheAutomators,ZARF,kis,t_slab1 < 19.700,19.7,dusuk,Bu seranin normal calisma araliginin altina iniyor,Kok bolgesi isitmasini artir,"Substrat sicakligi yavas tepki verir, erken mudahale gerekir",KALITATIF,"kapsama 0.87, aralik/deger %11",2.495,"veri (sera p5-p95, mevsim ici)"
t_slab1,3h,TheAutomators,ZARF,kis,t_slab1 > 23.600,23.6,yuksek,Bu seranin normal calisma araliginin ustune cikiyor,Sulama ile kok bolgesini serinlet,Su sicakligi ani dusurulmemeli,KALITATIF,"kapsama 0.87, aralik/deger %11",2.495,"veri (sera p5-p95, mevsim ici)"
t_slab1,3h,TheAutomators,ZARF,tumu,t_slab1 < 19.800,19.8,dusuk,Bu seranin normal calisma araliginin altina iniyor,Kok bolgesi isitmasini artir,"Substrat sicakligi yavas tepki verir, erken mudahale gerekir",KALITATIF,"kapsama 0.87, aralik/deger %11",2.495,veri (sera p5-p95)
t_slab1,3h,TheAutomators,ZARF,tumu,t_slab1 > 25.600,25.6,yuksek,Bu seranin normal calisma araliginin ustune cikiyor,Sulama ile kok bolgesini serinlet,Su sicakligi ani dusurulmemeli,KALITATIF,"kapsama 0.87, aralik/deger %11",2.495,veri (sera p5-p95)
t_slab1,6h,AICU,ZARF,ilkbahar,t_slab1 < 20.300,20.3,dusuk,Bu seranin normal calisma araliginin altina iniyor,Kok bolgesi isitmasini artir,"Substrat sicakligi yavas tepki verir, erken mudahale gerekir",KALITATIF,"kapsama 0.89, aralik/deger %14",3.143,"veri (sera p5-p95, mevsim ici)"
t_slab1,6h,AICU,ZARF,ilkbahar,t_slab1 > 25.900,25.9,yuksek,Bu seranin normal calisma araliginin ustune cikiyor,Sulama ile kok bolgesini serinlet,Su sicakligi ani dusurulmemeli,KALITATIF,"kapsama 0.89, aralik/deger %14",3.143,"veri (sera p5-p95, mevsim ici)"
t_slab1,6h,AICU,ZARF,kis,t_slab1 < 19.700,19.7,dusuk,Bu seranin normal calisma araliginin altina iniyor,Kok bolgesi isitmasini artir,"Substrat sicakligi yavas tepki verir, erken mudahale gerekir",KALITATIF,"kapsama 0.89, aralik/deger %14",3.143,"veri (sera p5-p95, mevsim ici)"
t_slab1,6h,AICU,ZARF,kis,t_slab1 > 23.800,23.8,yuksek,Bu seranin normal calisma araliginin ustune cikiyor,Sulama ile kok bolgesini serinlet,Su sicakligi ani dusurulmemeli,KALITATIF,"kapsama 0.89, aralik/deger %14",3.143,"veri (sera p5-p95, mevsim ici)"
t_slab1,6h,AICU,ZARF,tumu,t_slab1 < 20.000,20.0,dusuk,Bu seranin normal calisma araliginin altina iniyor,Kok bolgesi isitmasini artir,"Substrat sicakligi yavas tepki verir, erken mudahale gerekir",KALITATIF,"kapsama 0.89, aralik/deger %14",3.143,veri (sera p5-p95)
t_slab1,6h,AICU,ZARF,tumu,t_slab1 > 25.400,25.4,yuksek,Bu seranin normal calisma araliginin ustune cikiyor,Sulama ile kok bolgesini serinlet,Su sicakligi ani dusurulmemeli,KALITATIF,"kapsama 0.89, aralik/deger %14",3.143,veri (sera p5-p95)
t_slab1,6h,Automatoes,ZARF,ilkbahar,t_slab1 < 19.800,19.8,dusuk,Bu seranin normal calisma araliginin altina iniyor,Kok bolgesi isitmasini artir,"Substrat sicakligi yavas tepki verir, erken mudahale gerekir",KALITATIF,"kapsama 0.89, aralik/deger %14",3.143,"veri (sera p5-p95, mevsim ici)"
t_slab1,6h,Automatoes,ZARF,ilkbahar,t_slab1 > 31.000,31.0,yuksek,Bu seranin normal calisma araliginin ustune cikiyor,Sulama ile kok bolgesini serinlet,Su sicakligi ani dusurulmemeli,KALITATIF,"kapsama 0.89, aralik/deger %14",3.143,"veri (sera p5-p95, mevsim ici)"
t_slab1,6h,Automatoes,ZARF,kis,t_slab1 < 18.600,18.6,dusuk,Bu seranin normal calisma araliginin altina iniyor,Kok bolgesi isitmasini artir,"Substrat sicakligi yavas tepki verir, erken mudahale gerekir",KALITATIF,"kapsama 0.89, aralik/deger %14",3.143,"veri (sera p5-p95, mevsim ici)"
t_slab1,6h,Automatoes,ZARF,kis,t_slab1 > 25.300,25.3,yuksek,Bu seranin normal calisma araliginin ustune cikiyor,Sulama ile kok bolgesini serinlet,Su sicakligi ani dusurulmemeli,KALITATIF,"kapsama 0.89, aralik/deger %14",3.143,"veri (sera p5-p95, mevsim ici)"
t_slab1,6h,Automatoes,ZARF,tumu,t_slab1 < 19.100,19.1,dusuk,Bu seranin normal calisma araliginin altina iniyor,Kok bolgesi isitmasini artir,"Substrat sicakligi yavas tepki verir, erken mudahale gerekir",KALITATIF,"kapsama 0.89, aralik/deger %14",3.143,veri (sera p5-p95)
t_slab1,6h,Automatoes,ZARF,tumu,t_slab1 > 29.400,29.4,yuksek,Bu seranin normal calisma araliginin ustune cikiyor,Sulama ile kok bolgesini serinlet,Su sicakligi ani dusurulmemeli,KALITATIF,"kapsama 0.89, aralik/deger %14",3.143,veri (sera p5-p95)
t_slab1,6h,Digilog,ZARF,ilkbahar,t_slab1 < 18.900,18.9,dusuk,Bu seranin normal calisma araliginin altina iniyor,Kok bolgesi isitmasini artir,"Substrat sicakligi yavas tepki verir, erken mudahale gerekir",KALITATIF,"kapsama 0.89, aralik/deger %14",3.143,"veri (sera p5-p95, mevsim ici)"
t_slab1,6h,Digilog,ZARF,ilkbahar,t_slab1 > 28.400,28.4,yuksek,Bu seranin normal calisma araliginin ustune cikiyor,Sulama ile kok bolgesini serinlet,Su sicakligi ani dusurulmemeli,KALITATIF,"kapsama 0.89, aralik/deger %14",3.143,"veri (sera p5-p95, mevsim ici)"
t_slab1,6h,Digilog,ZARF,kis,t_slab1 < 18.500,18.5,dusuk,Bu seranin normal calisma araliginin altina iniyor,Kok bolgesi isitmasini artir,"Substrat sicakligi yavas tepki verir, erken mudahale gerekir",KALITATIF,"kapsama 0.89, aralik/deger %14",3.143,"veri (sera p5-p95, mevsim ici)"
t_slab1,6h,Digilog,ZARF,kis,t_slab1 > 24.100,24.1,yuksek,Bu seranin normal calisma araliginin ustune cikiyor,Sulama ile kok bolgesini serinlet,Su sicakligi ani dusurulmemeli,KALITATIF,"kapsama 0.89, aralik/deger %14",3.143,"veri (sera p5-p95, mevsim ici)"
t_slab1,6h,Digilog,ZARF,tumu,t_slab1 < 18.600,18.6,dusuk,Bu seranin normal calisma araliginin altina iniyor,Kok bolgesi isitmasini artir,"Substrat sicakligi yavas tepki verir, erken mudahale gerekir",KALITATIF,"kapsama 0.89, aralik/deger %14",3.143,veri (sera p5-p95)
t_slab1,6h,Digilog,ZARF,tumu,t_slab1 > 26.300,26.3,yuksek,Bu seranin normal calisma araliginin ustune cikiyor,Sulama ile kok bolgesini serinlet,Su sicakligi ani dusurulmemeli,KALITATIF,"kapsama 0.89, aralik/deger %14",3.143,veri (sera p5-p95)
t_slab1,6h,IUACAAS,ZARF,ilkbahar,t_slab1 < 18.800,18.8,dusuk,Bu seranin normal calisma araliginin altina iniyor,Kok bolgesi isitmasini artir,"Substrat sicakligi yavas tepki verir, erken mudahale gerekir",KALITATIF,"kapsama 0.89, aralik/deger %14",3.143,"veri (sera p5-p95, mevsim ici)"
t_slab1,6h,IUACAAS,ZARF,ilkbahar,t_slab1 > 25.900,25.9,yuksek,Bu seranin normal calisma araliginin ustune cikiyor,Sulama ile kok bolgesini serinlet,Su sicakligi ani dusurulmemeli,KALITATIF,"kapsama 0.89, aralik/deger %14",3.143,"veri (sera p5-p95, mevsim ici)"
t_slab1,6h,IUACAAS,ZARF,kis,t_slab1 < 18.000,18.0,dusuk,Bu seranin normal calisma araliginin altina iniyor,Kok bolgesi isitmasini artir,"Substrat sicakligi yavas tepki verir, erken mudahale gerekir",KALITATIF,"kapsama 0.89, aralik/deger %14",3.143,"veri (sera p5-p95, mevsim ici)"
t_slab1,6h,IUACAAS,ZARF,kis,t_slab1 > 25.100,25.1,yuksek,Bu seranin normal calisma araliginin ustune cikiyor,Sulama ile kok bolgesini serinlet,Su sicakligi ani dusurulmemeli,KALITATIF,"kapsama 0.89, aralik/deger %14",3.143,"veri (sera p5-p95, mevsim ici)"
t_slab1,6h,IUACAAS,ZARF,tumu,t_slab1 < 18.600,18.6,dusuk,Bu seranin normal calisma araliginin altina iniyor,Kok bolgesi isitmasini artir,"Substrat sicakligi yavas tepki verir, erken mudahale gerekir",KALITATIF,"kapsama 0.89, aralik/deger %14",3.143,veri (sera p5-p95)
t_slab1,6h,IUACAAS,ZARF,tumu,t_slab1 > 25.600,25.6,yuksek,Bu seranin normal calisma araliginin ustune cikiyor,Sulama ile kok bolgesini serinlet,Su sicakligi ani dusurulmemeli,KALITATIF,"kapsama 0.89, aralik/deger %14",3.143,veri (sera p5-p95)
t_slab1,6h,Reference,ZARF,ilkbahar,t_slab1 < 20.900,20.9,dusuk,Bu seranin normal calisma araliginin altina iniyor,Kok bolgesi isitmasini artir,"Substrat sicakligi yavas tepki verir, erken mudahale gerekir",KALITATIF,"kapsama 0.89, aralik/deger %14",3.143,"veri (sera p5-p95, mevsim ici)"
t_slab1,6h,Reference,ZARF,ilkbahar,t_slab1 > 26.700,26.7,yuksek,Bu seranin normal calisma araliginin ustune cikiyor,Sulama ile kok bolgesini serinlet,Su sicakligi ani dusurulmemeli,KALITATIF,"kapsama 0.89, aralik/deger %14",3.143,"veri (sera p5-p95, mevsim ici)"
t_slab1,6h,Reference,ZARF,kis,t_slab1 < 19.100,19.1,dusuk,Bu seranin normal calisma araliginin altina iniyor,Kok bolgesi isitmasini artir,"Substrat sicakligi yavas tepki verir, erken mudahale gerekir",KALITATIF,"kapsama 0.89, aralik/deger %14",3.143,"veri (sera p5-p95, mevsim ici)"
t_slab1,6h,Reference,ZARF,kis,t_slab1 > 27.400,27.4,yuksek,Bu seranin normal calisma araliginin ustune cikiyor,Sulama ile kok bolgesini serinlet,Su sicakligi ani dusurulmemeli,KALITATIF,"kapsama 0.89, aralik/deger %14",3.143,"veri (sera p5-p95, mevsim ici)"
t_slab1,6h,Reference,ZARF,tumu,t_slab1 < 20.400,20.4,dusuk,Bu seranin normal calisma araliginin altina iniyor,Kok bolgesi isitmasini artir,"Substrat sicakligi yavas tepki verir, erken mudahale gerekir",KALITATIF,"kapsama 0.89, aralik/deger %14",3.143,veri (sera p5-p95)
t_slab1,6h,Reference,ZARF,tumu,t_slab1 > 27.200,27.2,yuksek,Bu seranin normal calisma araliginin ustune cikiyor,Sulama ile kok bolgesini serinlet,Su sicakligi ani dusurulmemeli,KALITATIF,"kapsama 0.89, aralik/deger %14",3.143,veri (sera p5-p95)
t_slab1,6h,TUMU,HASAR,tumu,t_slab1 < 12.0,12.0,dusuk,Kok bolgesi cok soguk: su ve besin alimi durur,Kok bolgesi isitmasini artir,"Substrat sicakligi yavas tepki verir, erken mudahale gerekir",KALITATIF,"kapsama 0.89, aralik/deger %14",3.143,literatur (TASLAK — teyit edilecek)
t_slab1,6h,TUMU,HASAR,tumu,t_slab1 > 30.0,30.0,yuksek,"Kok bolgesi cok sicak: kok solunumu artar, oksijen azalir",Sulama ile kok bolgesini serinlet,Su sicakligi ani dusurulmemeli,KALITATIF,"kapsama 0.89, aralik/deger %14",3.143,literatur (TASLAK — teyit edilecek)
t_slab1,6h,TheAutomators,ZARF,ilkbahar,t_slab1 < 19.800,19.8,dusuk,Bu seranin normal calisma araliginin altina iniyor,Kok bolgesi isitmasini artir,"Substrat sicakligi yavas tepki verir, erken mudahale gerekir",KALITATIF,"kapsama 0.89, aralik/deger %14",3.143,"veri (sera p5-p95, mevsim ici)"
t_slab1,6h,TheAutomators,ZARF,ilkbahar,t_slab1 > 26.600,26.6,yuksek,Bu seranin normal calisma araliginin ustune cikiyor,Sulama ile kok bolgesini serinlet,Su sicakligi ani dusurulmemeli,KALITATIF,"kapsama 0.89, aralik/deger %14",3.143,"veri (sera p5-p95, mevsim ici)"
t_slab1,6h,TheAutomators,ZARF,kis,t_slab1 < 19.700,19.7,dusuk,Bu seranin normal calisma araliginin altina iniyor,Kok bolgesi isitmasini artir,"Substrat sicakligi yavas tepki verir, erken mudahale gerekir",KALITATIF,"kapsama 0.89, aralik/deger %14",3.143,"veri (sera p5-p95, mevsim ici)"
t_slab1,6h,TheAutomators,ZARF,kis,t_slab1 > 23.600,23.6,yuksek,Bu seranin normal calisma araliginin ustune cikiyor,Sulama ile kok bolgesini serinlet,Su sicakligi ani dusurulmemeli,KALITATIF,"kapsama 0.89, aralik/deger %14",3.143,"veri (sera p5-p95, mevsim ici)"
t_slab1,6h,TheAutomators,ZARF,tumu,t_slab1 < 19.800,19.8,dusuk,Bu seranin normal calisma araliginin altina iniyor,Kok bolgesi isitmasini artir,"Substrat sicakligi yavas tepki verir, erken mudahale gerekir",KALITATIF,"kapsama 0.89, aralik/deger %14",3.143,veri (sera p5-p95)
t_slab1,6h,TheAutomators,ZARF,tumu,t_slab1 > 25.600,25.6,yuksek,Bu seranin normal calisma araliginin ustune cikiyor,Sulama ile kok bolgesini serinlet,Su sicakligi ani dusurulmemeli,KALITATIF,"kapsama 0.89, aralik/deger %14",3.143,veri (sera p5-p95)
t_slab2,3h,AICU,ZARF,ilkbahar,t_slab2 < 20.600,20.6,dusuk,Bu seranin normal calisma araliginin altina iniyor,Kok bolgesi isitmasini artir,"Substrat sicakligi yavas tepki verir, erken mudahale gerekir",KALITATIF,"kapsama 0.87, aralik/deger %12",2.676,"veri (sera p5-p95, mevsim ici)"
t_slab2,3h,AICU,ZARF,ilkbahar,t_slab2 > 26.300,26.3,yuksek,Bu seranin normal calisma araliginin ustune cikiyor,Sulama ile kok bolgesini serinlet,Su sicakligi ani dusurulmemeli,KALITATIF,"kapsama 0.87, aralik/deger %12",2.676,"veri (sera p5-p95, mevsim ici)"
t_slab2,3h,AICU,ZARF,kis,t_slab2 < 20.000,20.0,dusuk,Bu seranin normal calisma araliginin altina iniyor,Kok bolgesi isitmasini artir,"Substrat sicakligi yavas tepki verir, erken mudahale gerekir",KALITATIF,"kapsama 0.87, aralik/deger %12",2.676,"veri (sera p5-p95, mevsim ici)"
t_slab2,3h,AICU,ZARF,kis,t_slab2 > 24.100,24.1,yuksek,Bu seranin normal calisma araliginin ustune cikiyor,Sulama ile kok bolgesini serinlet,Su sicakligi ani dusurulmemeli,KALITATIF,"kapsama 0.87, aralik/deger %12",2.676,"veri (sera p5-p95, mevsim ici)"
t_slab2,3h,AICU,ZARF,tumu,t_slab2 < 20.300,20.3,dusuk,Bu seranin normal calisma araliginin altina iniyor,Kok bolgesi isitmasini artir,"Substrat sicakligi yavas tepki verir, erken mudahale gerekir",KALITATIF,"kapsama 0.87, aralik/deger %12",2.676,veri (sera p5-p95)
t_slab2,3h,AICU,ZARF,tumu,t_slab2 > 25.800,25.8,yuksek,Bu seranin normal calisma araliginin ustune cikiyor,Sulama ile kok bolgesini serinlet,Su sicakligi ani dusurulmemeli,KALITATIF,"kapsama 0.87, aralik/deger %12",2.676,veri (sera p5-p95)
t_slab2,3h,Automatoes,ZARF,ilkbahar,t_slab2 < 19.900,19.9,dusuk,Bu seranin normal calisma araliginin altina iniyor,Kok bolgesi isitmasini artir,"Substrat sicakligi yavas tepki verir, erken mudahale gerekir",KALITATIF,"kapsama 0.87, aralik/deger %12",2.676,"veri (sera p5-p95, mevsim ici)"
t_slab2,3h,Automatoes,ZARF,ilkbahar,t_slab2 > 31.400,31.4,yuksek,Bu seranin normal calisma araliginin ustune cikiyor,Sulama ile kok bolgesini serinlet,Su sicakligi ani dusurulmemeli,KALITATIF,"kapsama 0.87, aralik/deger %12",2.676,"veri (sera p5-p95, mevsim ici)"
t_slab2,3h,Automatoes,ZARF,kis,t_slab2 < 18.500,18.5,dusuk,Bu seranin normal calisma araliginin altina iniyor,Kok bolgesi isitmasini artir,"Substrat sicakligi yavas tepki verir, erken mudahale gerekir",KALITATIF,"kapsama 0.87, aralik/deger %12",2.676,"veri (sera p5-p95, mevsim ici)"
t_slab2,3h,Automatoes,ZARF,kis,t_slab2 > 24.900,24.9,yuksek,Bu seranin normal calisma araliginin ustune cikiyor,Sulama ile kok bolgesini serinlet,Su sicakligi ani dusurulmemeli,KALITATIF,"kapsama 0.87, aralik/deger %12",2.676,"veri (sera p5-p95, mevsim ici)"
t_slab2,3h,Automatoes,ZARF,tumu,t_slab2 < 19.000,19.0,dusuk,Bu seranin normal calisma araliginin altina iniyor,Kok bolgesi isitmasini artir,"Substrat sicakligi yavas tepki verir, erken mudahale gerekir",KALITATIF,"kapsama 0.87, aralik/deger %12",2.676,veri (sera p5-p95)
t_slab2,3h,Automatoes,ZARF,tumu,t_slab2 > 29.800,29.8,yuksek,Bu seranin normal calisma araliginin ustune cikiyor,Sulama ile kok bolgesini serinlet,Su sicakligi ani dusurulmemeli,KALITATIF,"kapsama 0.87, aralik/deger %12",2.676,veri (sera p5-p95)
t_slab2,3h,Digilog,ZARF,ilkbahar,t_slab2 < 18.800,18.8,dusuk,Bu seranin normal calisma araliginin altina iniyor,Kok bolgesi isitmasini artir,"Substrat sicakligi yavas tepki verir, erken mudahale gerekir",KALITATIF,"kapsama 0.87, aralik/deger %12",2.676,"veri (sera p5-p95, mevsim ici)"
t_slab2,3h,Digilog,ZARF,ilkbahar,t_slab2 > 28.600,28.6,yuksek,Bu seranin normal calisma araliginin ustune cikiyor,Sulama ile kok bolgesini serinlet,Su sicakligi ani dusurulmemeli,KALITATIF,"kapsama 0.87, aralik/deger %12",2.676,"veri (sera p5-p95, mevsim ici)"
t_slab2,3h,Digilog,ZARF,kis,t_slab2 < 18.300,18.3,dusuk,Bu seranin normal calisma araliginin altina iniyor,Kok bolgesi isitmasini artir,"Substrat sicakligi yavas tepki verir, erken mudahale gerekir",KALITATIF,"kapsama 0.87, aralik/deger %12",2.676,"veri (sera p5-p95, mevsim ici)"
t_slab2,3h,Digilog,ZARF,kis,t_slab2 > 23.800,23.8,yuksek,Bu seranin normal calisma araliginin ustune cikiyor,Sulama ile kok bolgesini serinlet,Su sicakligi ani dusurulmemeli,KALITATIF,"kapsama 0.87, aralik/deger %12",2.676,"veri (sera p5-p95, mevsim ici)"
t_slab2,3h,Digilog,ZARF,tumu,t_slab2 < 18.400,18.4,dusuk,Bu seranin normal calisma araliginin altina iniyor,Kok bolgesi isitmasini artir,"Substrat sicakligi yavas tepki verir, erken mudahale gerekir",KALITATIF,"kapsama 0.87, aralik/deger %12",2.676,veri (sera p5-p95)
t_slab2,3h,Digilog,ZARF,tumu,t_slab2 > 26.800,26.8,yuksek,Bu seranin normal calisma araliginin ustune cikiyor,Sulama ile kok bolgesini serinlet,Su sicakligi ani dusurulmemeli,KALITATIF,"kapsama 0.87, aralik/deger %12",2.676,veri (sera p5-p95)
t_slab2,3h,IUACAAS,ZARF,ilkbahar,t_slab2 < 18.600,18.6,dusuk,Bu seranin normal calisma araliginin altina iniyor,Kok bolgesi isitmasini artir,"Substrat sicakligi yavas tepki verir, erken mudahale gerekir",KALITATIF,"kapsama 0.87, aralik/deger %12",2.676,"veri (sera p5-p95, mevsim ici)"
t_slab2,3h,IUACAAS,ZARF,ilkbahar,t_slab2 > 26.900,26.9,yuksek,Bu seranin normal calisma araliginin ustune cikiyor,Sulama ile kok bolgesini serinlet,Su sicakligi ani dusurulmemeli,KALITATIF,"kapsama 0.87, aralik/deger %12",2.676,"veri (sera p5-p95, mevsim ici)"
t_slab2,3h,IUACAAS,ZARF,kis,t_slab2 < 17.600,17.6,dusuk,Bu seranin normal calisma araliginin altina iniyor,Kok bolgesi isitmasini artir,"Substrat sicakligi yavas tepki verir, erken mudahale gerekir",KALITATIF,"kapsama 0.87, aralik/deger %12",2.676,"veri (sera p5-p95, mevsim ici)"
t_slab2,3h,IUACAAS,ZARF,kis,t_slab2 > 24.900,24.9,yuksek,Bu seranin normal calisma araliginin ustune cikiyor,Sulama ile kok bolgesini serinlet,Su sicakligi ani dusurulmemeli,KALITATIF,"kapsama 0.87, aralik/deger %12",2.676,"veri (sera p5-p95, mevsim ici)"
t_slab2,3h,IUACAAS,ZARF,tumu,t_slab2 < 18.300,18.3,dusuk,Bu seranin normal calisma araliginin altina iniyor,Kok bolgesi isitmasini artir,"Substrat sicakligi yavas tepki verir, erken mudahale gerekir",KALITATIF,"kapsama 0.87, aralik/deger %12",2.676,veri (sera p5-p95)
t_slab2,3h,IUACAAS,ZARF,tumu,t_slab2 > 26.400,26.4,yuksek,Bu seranin normal calisma araliginin ustune cikiyor,Sulama ile kok bolgesini serinlet,Su sicakligi ani dusurulmemeli,KALITATIF,"kapsama 0.87, aralik/deger %12",2.676,veri (sera p5-p95)
t_slab2,3h,Reference,ZARF,ilkbahar,t_slab2 < 20.900,20.9,dusuk,Bu seranin normal calisma araliginin altina iniyor,Kok bolgesi isitmasini artir,"Substrat sicakligi yavas tepki verir, erken mudahale gerekir",KALITATIF,"kapsama 0.87, aralik/deger %12",2.676,"veri (sera p5-p95, mevsim ici)"
t_slab2,3h,Reference,ZARF,ilkbahar,t_slab2 > 26.900,26.9,yuksek,Bu seranin normal calisma araliginin ustune cikiyor,Sulama ile kok bolgesini serinlet,Su sicakligi ani dusurulmemeli,KALITATIF,"kapsama 0.87, aralik/deger %12",2.676,"veri (sera p5-p95, mevsim ici)"
t_slab2,3h,Reference,ZARF,kis,t_slab2 < 19.100,19.1,dusuk,Bu seranin normal calisma araliginin altina iniyor,Kok bolgesi isitmasini artir,"Substrat sicakligi yavas tepki verir, erken mudahale gerekir",KALITATIF,"kapsama 0.87, aralik/deger %12",2.676,"veri (sera p5-p95, mevsim ici)"
t_slab2,3h,Reference,ZARF,kis,t_slab2 > 27.600,27.6,yuksek,Bu seranin normal calisma araliginin ustune cikiyor,Sulama ile kok bolgesini serinlet,Su sicakligi ani dusurulmemeli,KALITATIF,"kapsama 0.87, aralik/deger %12",2.676,"veri (sera p5-p95, mevsim ici)"
t_slab2,3h,Reference,ZARF,tumu,t_slab2 < 20.400,20.4,dusuk,Bu seranin normal calisma araliginin altina iniyor,Kok bolgesi isitmasini artir,"Substrat sicakligi yavas tepki verir, erken mudahale gerekir",KALITATIF,"kapsama 0.87, aralik/deger %12",2.676,veri (sera p5-p95)
t_slab2,3h,Reference,ZARF,tumu,t_slab2 > 27.300,27.3,yuksek,Bu seranin normal calisma araliginin ustune cikiyor,Sulama ile kok bolgesini serinlet,Su sicakligi ani dusurulmemeli,KALITATIF,"kapsama 0.87, aralik/deger %12",2.676,veri (sera p5-p95)
t_slab2,3h,TUMU,HASAR,tumu,t_slab2 < 12.0,12.0,dusuk,Kok bolgesi cok soguk: su ve besin alimi durur,Kok bolgesi isitmasini artir,"Substrat sicakligi yavas tepki verir, erken mudahale gerekir",KALITATIF,"kapsama 0.87, aralik/deger %12",2.676,literatur (TASLAK — teyit edilecek)
t_slab2,3h,TUMU,HASAR,tumu,t_slab2 > 30.0,30.0,yuksek,"Kok bolgesi cok sicak: kok solunumu artar, oksijen azalir",Sulama ile kok bolgesini serinlet,Su sicakligi ani dusurulmemeli,KALITATIF,"kapsama 0.87, aralik/deger %12",2.676,literatur (TASLAK — teyit edilecek)
t_slab2,3h,TheAutomators,ZARF,ilkbahar,t_slab2 < 19.600,19.6,dusuk,Bu seranin normal calisma araliginin altina iniyor,Kok bolgesi isitmasini artir,"Substrat sicakligi yavas tepki verir, erken mudahale gerekir",KALITATIF,"kapsama 0.87, aralik/deger %12",2.676,"veri (sera p5-p95, mevsim ici)"
t_slab2,3h,TheAutomators,ZARF,ilkbahar,t_slab2 > 25.900,25.9,yuksek,Bu seranin normal calisma araliginin ustune cikiyor,Sulama ile kok bolgesini serinlet,Su sicakligi ani dusurulmemeli,KALITATIF,"kapsama 0.87, aralik/deger %12",2.676,"veri (sera p5-p95, mevsim ici)"
t_slab2,3h,TheAutomators,ZARF,kis,t_slab2 < 19.800,19.8,dusuk,Bu seranin normal calisma araliginin altina iniyor,Kok bolgesi isitmasini artir,"Substrat sicakligi yavas tepki verir, erken mudahale gerekir",KALITATIF,"kapsama 0.87, aralik/deger %12",2.676,"veri (sera p5-p95, mevsim ici)"
t_slab2,3h,TheAutomators,ZARF,kis,t_slab2 > 23.600,23.6,yuksek,Bu seranin normal calisma araliginin ustune cikiyor,Sulama ile kok bolgesini serinlet,Su sicakligi ani dusurulmemeli,KALITATIF,"kapsama 0.87, aralik/deger %12",2.676,"veri (sera p5-p95, mevsim ici)"
t_slab2,3h,TheAutomators,ZARF,tumu,t_slab2 < 19.700,19.7,dusuk,Bu seranin normal calisma araliginin altina iniyor,Kok bolgesi isitmasini artir,"Substrat sicakligi yavas tepki verir, erken mudahale gerekir",KALITATIF,"kapsama 0.87, aralik/deger %12",2.676,veri (sera p5-p95)
t_slab2,3h,TheAutomators,ZARF,tumu,t_slab2 > 25.100,25.1,yuksek,Bu seranin normal calisma araliginin ustune cikiyor,Sulama ile kok bolgesini serinlet,Su sicakligi ani dusurulmemeli,KALITATIF,"kapsama 0.87, aralik/deger %12",2.676,veri (sera p5-p95)
t_slab2,6h,AICU,ZARF,ilkbahar,t_slab2 < 20.600,20.6,dusuk,Bu seranin normal calisma araliginin altina iniyor,Kok bolgesi isitmasini artir,"Substrat sicakligi yavas tepki verir, erken mudahale gerekir",KALITATIF,"kapsama 0.90, aralik/deger %16",3.505,"veri (sera p5-p95, mevsim ici)"
t_slab2,6h,AICU,ZARF,ilkbahar,t_slab2 > 26.300,26.3,yuksek,Bu seranin normal calisma araliginin ustune cikiyor,Sulama ile kok bolgesini serinlet,Su sicakligi ani dusurulmemeli,KALITATIF,"kapsama 0.90, aralik/deger %16",3.505,"veri (sera p5-p95, mevsim ici)"
t_slab2,6h,AICU,ZARF,kis,t_slab2 < 20.000,20.0,dusuk,Bu seranin normal calisma araliginin altina iniyor,Kok bolgesi isitmasini artir,"Substrat sicakligi yavas tepki verir, erken mudahale gerekir",KALITATIF,"kapsama 0.90, aralik/deger %16",3.505,"veri (sera p5-p95, mevsim ici)"
t_slab2,6h,AICU,ZARF,kis,t_slab2 > 24.100,24.1,yuksek,Bu seranin normal calisma araliginin ustune cikiyor,Sulama ile kok bolgesini serinlet,Su sicakligi ani dusurulmemeli,KALITATIF,"kapsama 0.90, aralik/deger %16",3.505,"veri (sera p5-p95, mevsim ici)"
t_slab2,6h,AICU,ZARF,tumu,t_slab2 < 20.300,20.3,dusuk,Bu seranin normal calisma araliginin altina iniyor,Kok bolgesi isitmasini artir,"Substrat sicakligi yavas tepki verir, erken mudahale gerekir",KALITATIF,"kapsama 0.90, aralik/deger %16",3.505,veri (sera p5-p95)
t_slab2,6h,AICU,ZARF,tumu,t_slab2 > 25.800,25.8,yuksek,Bu seranin normal calisma araliginin ustune cikiyor,Sulama ile kok bolgesini serinlet,Su sicakligi ani dusurulmemeli,KALITATIF,"kapsama 0.90, aralik/deger %16",3.505,veri (sera p5-p95)
t_slab2,6h,Automatoes,ZARF,ilkbahar,t_slab2 < 19.900,19.9,dusuk,Bu seranin normal calisma araliginin altina iniyor,Kok bolgesi isitmasini artir,"Substrat sicakligi yavas tepki verir, erken mudahale gerekir",KALITATIF,"kapsama 0.90, aralik/deger %16",3.505,"veri (sera p5-p95, mevsim ici)"
t_slab2,6h,Automatoes,ZARF,ilkbahar,t_slab2 > 31.400,31.4,yuksek,Bu seranin normal calisma araliginin ustune cikiyor,Sulama ile kok bolgesini serinlet,Su sicakligi ani dusurulmemeli,KALITATIF,"kapsama 0.90, aralik/deger %16",3.505,"veri (sera p5-p95, mevsim ici)"
t_slab2,6h,Automatoes,ZARF,kis,t_slab2 < 18.500,18.5,dusuk,Bu seranin normal calisma araliginin altina iniyor,Kok bolgesi isitmasini artir,"Substrat sicakligi yavas tepki verir, erken mudahale gerekir",KALITATIF,"kapsama 0.90, aralik/deger %16",3.505,"veri (sera p5-p95, mevsim ici)"
t_slab2,6h,Automatoes,ZARF,kis,t_slab2 > 24.900,24.9,yuksek,Bu seranin normal calisma araliginin ustune cikiyor,Sulama ile kok bolgesini serinlet,Su sicakligi ani dusurulmemeli,KALITATIF,"kapsama 0.90, aralik/deger %16",3.505,"veri (sera p5-p95, mevsim ici)"
t_slab2,6h,Automatoes,ZARF,tumu,t_slab2 < 19.000,19.0,dusuk,Bu seranin normal calisma araliginin altina iniyor,Kok bolgesi isitmasini artir,"Substrat sicakligi yavas tepki verir, erken mudahale gerekir",KALITATIF,"kapsama 0.90, aralik/deger %16",3.505,veri (sera p5-p95)
t_slab2,6h,Automatoes,ZARF,tumu,t_slab2 > 29.800,29.8,yuksek,Bu seranin normal calisma araliginin ustune cikiyor,Sulama ile kok bolgesini serinlet,Su sicakligi ani dusurulmemeli,KALITATIF,"kapsama 0.90, aralik/deger %16",3.505,veri (sera p5-p95)
t_slab2,6h,Digilog,ZARF,ilkbahar,t_slab2 < 18.800,18.8,dusuk,Bu seranin normal calisma araliginin altina iniyor,Kok bolgesi isitmasini artir,"Substrat sicakligi yavas tepki verir, erken mudahale gerekir",KALITATIF,"kapsama 0.90, aralik/deger %16",3.505,"veri (sera p5-p95, mevsim ici)"
t_slab2,6h,Digilog,ZARF,ilkbahar,t_slab2 > 28.600,28.6,yuksek,Bu seranin normal calisma araliginin ustune cikiyor,Sulama ile kok bolgesini serinlet,Su sicakligi ani dusurulmemeli,KALITATIF,"kapsama 0.90, aralik/deger %16",3.505,"veri (sera p5-p95, mevsim ici)"
t_slab2,6h,Digilog,ZARF,kis,t_slab2 < 18.300,18.3,dusuk,Bu seranin normal calisma araliginin altina iniyor,Kok bolgesi isitmasini artir,"Substrat sicakligi yavas tepki verir, erken mudahale gerekir",KALITATIF,"kapsama 0.90, aralik/deger %16",3.505,"veri (sera p5-p95, mevsim ici)"
t_slab2,6h,Digilog,ZARF,kis,t_slab2 > 23.800,23.8,yuksek,Bu seranin normal calisma araliginin ustune cikiyor,Sulama ile kok bolgesini serinlet,Su sicakligi ani dusurulmemeli,KALITATIF,"kapsama 0.90, aralik/deger %16",3.505,"veri (sera p5-p95, mevsim ici)"
t_slab2,6h,Digilog,ZARF,tumu,t_slab2 < 18.400,18.4,dusuk,Bu seranin normal calisma araliginin altina iniyor,Kok bolgesi isitmasini artir,"Substrat sicakligi yavas tepki verir, erken mudahale gerekir",KALITATIF,"kapsama 0.90, aralik/deger %16",3.505,veri (sera p5-p95)
t_slab2,6h,Digilog,ZARF,tumu,t_slab2 > 26.800,26.8,yuksek,Bu seranin normal calisma araliginin ustune cikiyor,Sulama ile kok bolgesini serinlet,Su sicakligi ani dusurulmemeli,KALITATIF,"kapsama 0.90, aralik/deger %16",3.505,veri (sera p5-p95)
t_slab2,6h,IUACAAS,ZARF,ilkbahar,t_slab2 < 18.600,18.6,dusuk,Bu seranin normal calisma araliginin altina iniyor,Kok bolgesi isitmasini artir,"Substrat sicakligi yavas tepki verir, erken mudahale gerekir",KALITATIF,"kapsama 0.90, aralik/deger %16",3.505,"veri (sera p5-p95, mevsim ici)"
t_slab2,6h,IUACAAS,ZARF,ilkbahar,t_slab2 > 26.900,26.9,yuksek,Bu seranin normal calisma araliginin ustune cikiyor,Sulama ile kok bolgesini serinlet,Su sicakligi ani dusurulmemeli,KALITATIF,"kapsama 0.90, aralik/deger %16",3.505,"veri (sera p5-p95, mevsim ici)"
t_slab2,6h,IUACAAS,ZARF,kis,t_slab2 < 17.600,17.6,dusuk,Bu seranin normal calisma araliginin altina iniyor,Kok bolgesi isitmasini artir,"Substrat sicakligi yavas tepki verir, erken mudahale gerekir",KALITATIF,"kapsama 0.90, aralik/deger %16",3.505,"veri (sera p5-p95, mevsim ici)"
t_slab2,6h,IUACAAS,ZARF,kis,t_slab2 > 24.900,24.9,yuksek,Bu seranin normal calisma araliginin ustune cikiyor,Sulama ile kok bolgesini serinlet,Su sicakligi ani dusurulmemeli,KALITATIF,"kapsama 0.90, aralik/deger %16",3.505,"veri (sera p5-p95, mevsim ici)"
t_slab2,6h,IUACAAS,ZARF,tumu,t_slab2 < 18.300,18.3,dusuk,Bu seranin normal calisma araliginin altina iniyor,Kok bolgesi isitmasini artir,"Substrat sicakligi yavas tepki verir, erken mudahale gerekir",KALITATIF,"kapsama 0.90, aralik/deger %16",3.505,veri (sera p5-p95)
t_slab2,6h,IUACAAS,ZARF,tumu,t_slab2 > 26.400,26.4,yuksek,Bu seranin normal calisma araliginin ustune cikiyor,Sulama ile kok bolgesini serinlet,Su sicakligi ani dusurulmemeli,KALITATIF,"kapsama 0.90, aralik/deger %16",3.505,veri (sera p5-p95)
t_slab2,6h,Reference,ZARF,ilkbahar,t_slab2 < 20.900,20.9,dusuk,Bu seranin normal calisma araliginin altina iniyor,Kok bolgesi isitmasini artir,"Substrat sicakligi yavas tepki verir, erken mudahale gerekir",KALITATIF,"kapsama 0.90, aralik/deger %16",3.505,"veri (sera p5-p95, mevsim ici)"
t_slab2,6h,Reference,ZARF,ilkbahar,t_slab2 > 26.900,26.9,yuksek,Bu seranin normal calisma araliginin ustune cikiyor,Sulama ile kok bolgesini serinlet,Su sicakligi ani dusurulmemeli,KALITATIF,"kapsama 0.90, aralik/deger %16",3.505,"veri (sera p5-p95, mevsim ici)"
t_slab2,6h,Reference,ZARF,kis,t_slab2 < 19.100,19.1,dusuk,Bu seranin normal calisma araliginin altina iniyor,Kok bolgesi isitmasini artir,"Substrat sicakligi yavas tepki verir, erken mudahale gerekir",KALITATIF,"kapsama 0.90, aralik/deger %16",3.505,"veri (sera p5-p95, mevsim ici)"
t_slab2,6h,Reference,ZARF,kis,t_slab2 > 27.600,27.6,yuksek,Bu seranin normal calisma araliginin ustune cikiyor,Sulama ile kok bolgesini serinlet,Su sicakligi ani dusurulmemeli,KALITATIF,"kapsama 0.90, aralik/deger %16",3.505,"veri (sera p5-p95, mevsim ici)"
t_slab2,6h,Reference,ZARF,tumu,t_slab2 < 20.400,20.4,dusuk,Bu seranin normal calisma araliginin altina iniyor,Kok bolgesi isitmasini artir,"Substrat sicakligi yavas tepki verir, erken mudahale gerekir",KALITATIF,"kapsama 0.90, aralik/deger %16",3.505,veri (sera p5-p95)
t_slab2,6h,Reference,ZARF,tumu,t_slab2 > 27.300,27.3,yuksek,Bu seranin normal calisma araliginin ustune cikiyor,Sulama ile kok bolgesini serinlet,Su sicakligi ani dusurulmemeli,KALITATIF,"kapsama 0.90, aralik/deger %16",3.505,veri (sera p5-p95)
t_slab2,6h,TUMU,HASAR,tumu,t_slab2 < 12.0,12.0,dusuk,Kok bolgesi cok soguk: su ve besin alimi durur,Kok bolgesi isitmasini artir,"Substrat sicakligi yavas tepki verir, erken mudahale gerekir",KALITATIF,"kapsama 0.90, aralik/deger %16",3.505,literatur (TASLAK — teyit edilecek)
t_slab2,6h,TUMU,HASAR,tumu,t_slab2 > 30.0,30.0,yuksek,"Kok bolgesi cok sicak: kok solunumu artar, oksijen azalir",Sulama ile kok bolgesini serinlet,Su sicakligi ani dusurulmemeli,KALITATIF,"kapsama 0.90, aralik/deger %16",3.505,literatur (TASLAK — teyit edilecek)
t_slab2,6h,TheAutomators,ZARF,ilkbahar,t_slab2 < 19.600,19.6,dusuk,Bu seranin normal calisma araliginin altina iniyor,Kok bolgesi isitmasini artir,"Substrat sicakligi yavas tepki verir, erken mudahale gerekir",KALITATIF,"kapsama 0.90, aralik/deger %16",3.505,"veri (sera p5-p95, mevsim ici)"
t_slab2,6h,TheAutomators,ZARF,ilkbahar,t_slab2 > 25.900,25.9,yuksek,Bu seranin normal calisma araliginin ustune cikiyor,Sulama ile kok bolgesini serinlet,Su sicakligi ani dusurulmemeli,KALITATIF,"kapsama 0.90, aralik/deger %16",3.505,"veri (sera p5-p95, mevsim ici)"
t_slab2,6h,TheAutomators,ZARF,kis,t_slab2 < 19.800,19.8,dusuk,Bu seranin normal calisma araliginin altina iniyor,Kok bolgesi isitmasini artir,"Substrat sicakligi yavas tepki verir, erken mudahale gerekir",KALITATIF,"kapsama 0.90, aralik/deger %16",3.505,"veri (sera p5-p95, mevsim ici)"
t_slab2,6h,TheAutomators,ZARF,kis,t_slab2 > 23.600,23.6,yuksek,Bu seranin normal calisma araliginin ustune cikiyor,Sulama ile kok bolgesini serinlet,Su sicakligi ani dusurulmemeli,KALITATIF,"kapsama 0.90, aralik/deger %16",3.505,"veri (sera p5-p95, mevsim ici)"
t_slab2,6h,TheAutomators,ZARF,tumu,t_slab2 < 19.700,19.7,dusuk,Bu seranin normal calisma araliginin altina iniyor,Kok bolgesi isitmasini artir,"Substrat sicakligi yavas tepki verir, erken mudahale gerekir",KALITATIF,"kapsama 0.90, aralik/deger %16",3.505,veri (sera p5-p95)
t_slab2,6h,TheAutomators,ZARF,tumu,t_slab2 > 25.100,25.1,yuksek,Bu seranin normal calisma araliginin ustune cikiyor,Sulama ile kok bolgesini serinlet,Su sicakligi ani dusurulmemeli,KALITATIF,"kapsama 0.90, aralik/deger %16",3.505,veri (sera p5-p95)
